Cat,Maker,2015,2016,2017,2018,2019,2020,2021,2022,2023,2024,Total Sales,Market Share
2W,OLA ELECTRIC TECHNOLOGIES PVT LTD,0,0,0,0,0,0,240,109398,267355,211273,376993,10.95285826
2W,TVS MOTOR COMPANY LTD,165,171,69,23,30,233,5258,47182,166580,98516,219711,6.383310672
2W,HERO ELECTRIC VEHICLES PVT. LTD,1,34,162,5785,11155,8247,46260,97828,29964,2211,199436,5.794256761
2W,OKINAWA AUTOTECH PVT LTD,0,1,331,8452,11850,5754,30659,103620,31616,3893,192283,5.586439122
2W,ATHER ENERGY PVT LTD,0,0,0,24,2291,3052,15930,51808,104735,58547,177840,5.166823554
2W,AMPERE VEHICLES PRIVATE LIMITED,0,0,0,0,1196,4522,12470,79857,42903,857,140948,4.094992388
3W,YC ELECTRIC VEHICLE,1,1665,7434,10816,13213,9543,15793,29793,40794,23892,129052,3.749375356
2W,BAJAJ AUTO LTD,161,78,43,7,7,1243,4633,25318,71940,73698,103430,3.00497391
3W,MAHINDRA & MAHINDRA LIMITED,2,35,242,4150,6725,4564,3860,13558,37942,1331,71078,2.065044335
3W,SAERA ELECTRIC AUTO PVT LTD,140,1203,1532,3226,5080,4153,7098,19314,29321,16408,71067,2.06472475
3W,DILLI ELECTRIC AUTO PVT LTD,16,1573,2205,3404,3954,2541,5361,13987,25071,11832,58112,1.688340364
LMV,TATA MOTORS PASSENGER VEHICLES LTD,0,0,0,0,0,0,0,30610,21420,490,52030,1.511638717
3W,CHAMPION POLY PLAST,0,492,1744,3005,4215,2741,6672,13091,14877,6654,46837,1.360765378
LMV,TATA PASSENGER ELECTRIC MOBILITY LTD,0,0,0,0,0,0,0,0,38580,35830,38580,1.120872991
3W,MINI METRO EV L.L.P,0,125,599,2513,2265,1754,3447,10487,15962,7092,37152,1.079385002
3W,OTHERS,1708,13401,15094,1687,312,199,777,2165,1435,174,36778,1.0685191
2W,PUR ENERGY PVT LTD,0,0,0,0,0,720,11044,14953,7191,3143,33908,0.985136376
3W,UNIQUE INTERNATIONAL,0,0,266,1515,2125,1776,3988,10246,13572,8121,33488,0.972934026
3W,MAHINDRA ELECTRIC MOBILITY LIMITED,0,0,51,35,1786,3219,6711,15931,4949,57,32682,0.949517136
3W,PIAGGIO VEHICLES PVT LTD,5,4,3,11,1,79,2247,7431,21079,12869,30860,0.89658218
3W,J. S. AUTO (P) LTD,0,95,2652,2921,2314,1260,3075,6947,11165,6278,30429,0.884060245
3W,TERRA MOTORS INDIA PVT LTD,0,64,893,2704,3545,2631,3404,7876,8810,4959,29927,0.869475531
2W,REVOLT INTELLICORP PVT LTD,0,0,0,0,480,2098,4704,14910,6976,4650,29168,0.847424142
3W,ENERGY ELECTRIC VEHICLES,0,361,1928,2606,2407,1324,3070,6263,11080,6782,29039,0.843676277
2W,OTHERS,110,136,382,1929,1576,933,8541,15099,195,4,28901,0.839666934
3W,THUKRAL ELECTRIC BIKES PVT LTD,326,1493,1825,2850,3303,1986,3895,5915,7271,3924,28864,0.838591965
3W,BEST WAY AGENCIES PVT LTD,0,57,1501,2044,2312,2155,5022,6447,7902,3545,27440,0.797220188
3W,VANI ELECTRIC VEHICLES PVT LTD,0,0,211,1996,3217,3083,3924,5969,7832,4577,26232,0.762123906
2W,OKAYA EV PVT LTD,0,0,0,0,0,0,0,8913,15816,4387,24729,0.718456926
2W,GREAVES ELECTRIC MOBILITY PVT LTD,0,0,0,0,0,0,0,410,24045,18424,24455,0.710496345
3W,ALLFINE INDUSTRIES PVT LTD,0,2,239,763,1737,1180,2370,5884,10743,6317,22918,0.665841555
3W,SKS TRADE INDIA PVT LTD,0,0,203,770,1354,854,2236,6308,10078,5687,21803,0.633447222
3W,HOTAGE INDIA,0,5,688,1168,856,470,1046,4397,12840,7423,21470,0.623772502
2W,BENLING INDIA ENERGY AND TECHNOLOGY PVT LTD,0,0,0,0,0,567,4758,13130,3005,402,21460,0.62348197
3W,G.K. RICKSHAW,0,0,816,1626,2257,2405,2491,4151,5514,2850,19260,0.559564899
LMV,TATA MOTORS LTD,9,10,3,144,419,2717,10033,1621,1766,3076,16722,0.485827842
3W,KHALSA E-VEHICLES PVT LTD,0,0,129,1299,1233,607,1214,3712,8478,5591,16672,0.484375182
LMV,MG MOTOR INDIA PVT LTD,0,0,0,0,7,772,2384,3430,9520,7229,16113,0.468134435
2W,JITENDRA NEW EV-TECH PVT. LTD,0,0,0,0,46,454,1967,9553,2617,687,14637,0.425251891
3W,MAA SHAKTI EXIM PVT LTD,23,982,1196,2033,1988,881,1804,2865,2571,1373,14343,0.416710246
3W,VICTORY ELECTRIC INTERNATIONAL,107,846,1466,2381,1971,858,1243,2135,3319,1402,14326,0.416216342
3W,M/S SHRIRAM AUTO TECH PVT LTD,0,626,2227,2250,1614,692,787,2205,3637,1852,14038,0.407849016
3W,SPEEGO VEHICLES CO PVT LTD,0,33,427,900,913,891,1877,3734,4770,2228,13545,0.393525782
2W,BGAUSS AUTO PRIVATE LIMITED,0,0,0,0,0,0,0,1983,11454,10711,13437,0.390388035
3W,OM BALAJEE AUTOMOBILE ( INDIA) PVT. LTD,0,389,1079,1701,1610,672,1448,2930,3304,1461,13133,0.381555858
3W,LECTRIX EV PVT LTD,0,0,0,0,0,7,876,4646,7288,3785,12817,0.372375042
3W,HOOGHLY MOTORS PVT LTD,0,0,918,1216,1855,689,1091,2599,3741,2783,12109,0.351805367
3W,KINETIC GREEN ENERGY & POWER SOLUTIONS LTD,0,12,383,1374,1463,669,835,2704,4648,1756,12088,0.351195249
3W,MAHINDRA LAST MILE MOBILITY LTD,0,0,0,0,0,0,0,0,11733,34331,11733,0.340881358
2W,HERO MOTOCORP LTD,92,157,74,39,33,0,0,182,11142,19479,11719,0.340474613
3W,BRIGHT AUTOZONE PVT LTD,0,43,608,713,708,413,1708,3702,3695,1853,11590,0.336726749
3W,ATUL AUTO LTD,1,99,219,492,510,438,893,2864,5502,3938,11018,0.32010831
3W,GRD MOTORS,0,0,0,241,1628,1476,1546,2154,3411,2043,10456,0.303780404
3W,DAKSH INDUSTRIES,0,0,0,0,0,30,1125,3225,5925,2871,10305,0.299393369
2W,GOREEN E-MOBILITY PVT LTD,0,0,0,0,1,94,1409,5343,3040,952,9887,0.287249125
2W,KINETIC GREEN ENERGY & POWER SOLUTIONS LTD,0,0,0,0,0,0,0,2085,7779,7515,9864,0.286580902
3W,ZENIAK INNOVATION INDIA LTD,0,10,605,789,1621,1281,931,1561,2836,2626,9634,0.279898662
3W,ARROW AUTOMOTIVE,0,0,1,64,393,825,1276,2782,3958,1925,9299,0.270165836
2W,KLB KOMAKI PVT LTD,0,0,0,0,0,0,1175,3487,4173,1889,8835,0.256685145
2W,LECTRIX EV PVT LTD,0,0,0,0,0,0,0,2350,6203,2661,8553,0.248492138
3W,TWO FRIENDS AUTO ELECTRIC CO,0,0,0,260,368,289,940,2724,3848,2002,8429,0.24488954
3W,SHRI BARSANA E-VEHICLES PVT LTD,0,0,49,575,794,433,645,1554,4086,3224,8136,0.236376948
2W,HERO ELECTRIC VEHICLE PVT LTD,254,246,164,616,664,593,3058,2538,0,0,8133,0.236289788
2W,BOUNCE ELECTRIC 1 PVT LTD,0,0,0,0,0,0,0,4514,3565,1598,8079,0.234720915
LMV,MAHINDRA & MAHINDRA LIMITED,254,344,443,974,687,419,115,333,4505,4305,8074,0.234575649
3W,N0VA AUTOMOTIVE TECHNOLOGIES PVT. LTD,0,0,0,291,232,100,288,1723,4925,2796,7559,0.219613244
3W,U.P. TELELINKS LIMITED,0,299,791,581,656,304,499,1978,2438,1760,7546,0.219235552
2W,WARDWIZARD INNOVATIONS & MOBILITY LIMITED,0,0,0,0,0,0,0,314,6910,7166,7224,0.209880417
3W,TOP TEAM MACHINES PVT LTD,0,14,58,919,1103,869,943,1382,1743,809,7031,0.204273147
3W,SAHNIANAND E VEHICLES PVT LTD,0,0,0,0,0,0,0,1133,5788,5074,6921,0.201077293
3W,DELTA AUTOCORP LLP,0,0,12,330,896,1100,755,1334,2466,1246,6893,0.200263803
3W,UNIQUE ENTERPRISES,0,0,1,174,313,185,778,1671,3580,2132,6702,0.194714639
3W,OMEGA SEIKI PVT LTD,0,0,0,0,0,0,317,2785,3579,4592,6681,0.194104522
3W,AVL ELECTRIC VEHICLES PVT LTD,0,0,0,54,717,517,957,1480,2632,1951,6357,0.184691281
3W,SHRIRAJ ELECTRIC VEHICLES,0,0,0,40,17,158,1318,2003,2726,1240,6262,0.181931225
3W,VIJAYS COOLMAX PRIVATE LIMITED,0,0,0,0,0,0,26,1355,4807,3091,6188,0.179781287
3W,NRJ ELECTRIC MOTOR VEHICLES PVT LTD,0,0,0,102,468,295,760,1563,2650,2110,5838,0.169612663
3W,GAYATRI ELECTRIC VEHICLES,0,0,6,117,195,81,428,2048,2950,1053,5825,0.169234971
3W,LOHIA AUTO INDUSTRIES,5,133,184,666,714,377,511,1523,1644,770,5757,0.167259352
3W,PUBANG ETRON ELECTRIC MOTOR PVT LTD,0,0,38,1013,2606,1354,457,120,16,12,5604,0.162814211
3W,STAR BULL E MOTORS,0,0,0,185,361,257,434,2217,2077,1133,5531,0.160693326
3W,SSB INDISTRIES,0,0,69,141,391,311,603,1746,2248,1021,5509,0.160054155
3W,SATHI MOTORS ELECTRIC VEHICLE PVT LTD,0,0,10,233,182,341,565,1310,2831,2169,5472,0.158979186
3W,KAPTECH INDIA PVT LTD,0,0,0,205,657,357,888,1433,1846,1242,5386,0.15648061
2W,MEW ELECTRICALS LIMITED,0,0,0,0,0,57,1842,3215,195,6,5309,0.154243512
3W,AMBIKA INDUSTRIES,0,0,0,0,427,656,981,1159,1910,1060,5133,0.149130147
3W,ALTIER ELECTRIC VEHICLES PVT LTD,0,0,0,0,177,308,381,1626,2517,1804,5009,0.145527548
3W,NEW ARCANA INDIA,9,125,224,361,732,316,602,1331,1253,502,4953,0.143900568
3W,BAJAJ AUTO LTD,37,58,86,113,21,19,0,0,4574,16461,4908,0.142593174
3W,BHAVE ELECTRIC VEHICLES PVT LTD,0,0,1,0,2,122,456,1591,2682,1398,4854,0.1410243
2W,CHETAK TECHNOLOGY LIMITED,0,0,0,0,0,0,0,0,4851,4,4851,0.14093714
3W,REEP INDUSTRIES PVT LTD,0,0,0,19,40,5,3397,188,1080,759,4729,0.137392648
3W,T U K INDUSTRIES,0,0,0,2,145,161,326,1240,2845,1948,4719,0.137102116
3W,PARAS INDUSTRIES,0,0,1,0,0,6,317,1120,3246,1822,4690,0.136259573
2W,BATTRE ELECTRIC MOBLITY PVT LTD,0,0,0,0,0,0,0,516,4139,1836,4655,0.135242711
3W,ATUT SANGAM,0,1,85,336,139,204,431,943,2335,1593,4474,0.129984079
3W,A.V.AUTOMOTIVES PVT LTD,0,0,33,280,452,256,677,1451,1309,674,4458,0.129519227
3W,M/S CHAMPION POLY PLAST,877,3089,386,66,0,2,0,0,0,0,4420,0.128415205
3W,NIC TEST ACCOUNT-1,51,891,2889,568,2,0,0,0,0,0,4401,0.127863194
3W,GOENKA ELECTRIC MOTOR VEHICLES PVT LTD,0,73,348,506,693,787,743,644,462,36,4256,0.123650478
3W,EXIDE INDUSTRIES LTD,0,0,0,0,1,274,519,1056,2379,1318,4229,0.122866041
3W,Y.C.ELECTRIC VEHICLE,780,3348,43,46,1,0,0,0,0,0,4218,0.122546456
3W,CEEON INDIA,0,311,536,928,687,263,213,394,874,394,4206,0.122197818
3W,SHIGAN EVOLTZ LTD,0,82,352,565,950,452,505,853,431,145,4190,0.121732966
3W,SRD RENEWABLES,0,0,0,5,162,113,481,1222,2121,941,4104,0.11923439
3W,KUMAR ENGINEERING,0,0,0,0,0,0,314,1317,2469,1100,4100,0.119118177
3W,ATTOLENT AUTO GROUP PVT LTD,0,397,1023,660,492,176,132,456,760,408,4096,0.119001964
3W,G & G AUTOMOTIVE,0,0,47,457,688,318,447,699,1430,648,4086,0.118711432
3W,DYS IMPEX PRIVATE LIMITED,0,27,777,473,1150,243,121,421,751,495,3963,0.115137887
3W,ZEOPLUS AXIS INDIA PVT. LTD.,0,0,0,0,0,0,0,382,3563,3578,3945,0.114614929
3W,OM RAJ AUTOTECH LLP,0,0,0,27,388,345,795,1167,1203,550,3925,0.114033864
3W,TWINKLE TRADCOM PVT LTD,0,4,357,356,448,454,311,476,1505,449,3911,0.113627119
3W,GOPAL AUTO MOTORS PVT LTD,0,0,0,277,262,292,518,1054,1494,939,3897,0.113220374
3W,MOVE STONE SERVICES PVT LTD,0,0,0,0,0,0,0,825,2965,2297,3790,0.110111681
3W,JAJODIA COMMODITIES PVT LTD,0,0,131,779,633,660,224,396,950,770,3773,0.109617776
3W,SUPERTECH EV LIMITED,0,0,3,111,82,116,356,1038,2020,1390,3726,0.108252275
3W,DAVE EXIM PVT LTD,0,0,567,854,1031,387,285,243,311,120,3678,0.106857721
3W,INDIAN MOTORS,0,0,0,5,52,106,350,1114,2035,1399,3662,0.106392869
3W,EULER MOTORS PVT LTD,0,0,0,49,143,63,119,647,2595,2104,3616,0.105056421
3W,CITYGREEN AUTO & PETRO CHEMICALS (P) LTD,0,0,132,395,429,292,586,827,930,301,3591,0.104330091
3W,KINETIC GREEN ENERGY P SOL LTD,29,2005,880,68,43,38,136,316,58,0,3573,0.103807133
3W,CONTINENTAL ENGINES PVT LTD,0,0,57,1,1,11,92,571,2749,425,3482,0.101163291
3W,HINDUSTAN MOTOR CORPORATION,0,0,0,48,192,177,528,1162,1367,580,3474,0.100930865
3W,GKON ELECTRIC MOTOR VEHICLES PVT LTD,0,0,207,565,472,238,392,864,711,277,3449,0.100204535
3W,HUNDAL INDUSTRIES,0,0,0,256,616,292,399,848,1011,562,3422,0.099420098
3W,MANITA CITY MOTORS LLP,0,0,0,8,167,162,396,854,1810,1280,3397,0.098693768
3W,TRISHIKA INDUSTRIES,0,0,0,11,108,146,416,1355,1361,422,3397,0.098693768
3W,MINI METRO,6,681,1695,148,87,94,221,362,97,0,3391,0.098519448
3W,ALTIGREEN PROPULSION LABS PVT LTD,0,0,0,0,0,3,144,699,2512,939,3358,0.097560692
3W,KRISHNA ENGINEERING WORKS,0,8,168,394,419,220,530,684,904,748,3327,0.096660043
3W,BHM INDUSTRIES,0,0,0,0,0,23,456,1028,1814,1377,3321,0.096485723
3W,M.K. ENTERPRISES,0,131,408,487,210,194,305,477,1097,657,3309,0.096137085
3W,E ROYCE MOTORS INDIA PVT LTD,0,0,0,0,0,0,448,1381,1296,479,3125,0.090791293
3W,NEEDLE EYE PLASTIC INDUSTRIES PVT LTD,0,42,516,573,267,148,354,542,667,357,3109,0.090326442
2W,AMO MOBILITY SOLUTIONS PVT LTD,0,0,0,0,0,0,0,1497,1574,80,3071,0.08922242
3W,AVON CYCLES LTD,0,0,71,191,342,366,470,760,784,429,2984,0.08669479
3W,GREENWHEELS AUTOMOBILE PVT LTD,0,61,170,98,201,129,505,905,872,424,2941,0.085445502
2W,AMPERE VEHICLES PVT LTD,31,0,0,0,6,153,315,2390,8,0,2903,0.08434148
3W,DE EUSI MOTORS PVT LTD.,0,0,0,0,119,114,345,720,1563,1048,2861,0.083121245
3W,DIVYA ENTERPRISES,0,0,3,126,355,169,416,744,1026,403,2839,0.082482074
LMV,HYUNDAI MOTOR INDIA LTD,0,5,2,1,233,206,165,619,1606,757,2837,0.082423968
2W,RGM BUSINESS PLUS PVT LTD,0,0,0,0,0,0,408,1564,822,176,2794,0.08117468
2W,IVOOMI INNOVATION PVT LTD,0,0,0,0,0,0,0,627,2154,668,2781,0.080796988
3W,BIG BULL TRADER PVT LTD,0,0,30,426,565,460,227,307,673,1040,2688,0.078095039
3W,MAC AUTO INDIA,0,0,147,431,537,248,289,469,564,401,2685,0.078007879
3W,RUTBA PRODUCT PVT LTD,0,0,10,328,492,275,415,518,629,405,2667,0.077484921
3W,KUKU AUTOMOTIVES,39,190,421,348,307,207,203,338,569,189,2622,0.076177527
3W,A K GUPTA & CO.,0,0,100,625,438,195,256,433,563,355,2610,0.075828888
3W,UNITED TRANSMOVERS PVT LTD,0,0,42,657,788,291,226,321,272,194,2597,0.075451196
3W,DUKE AUTO INDIA,0,0,0,55,271,259,428,610,934,444,2557,0.074289068
3W,PARI METRO E RICKSHAW,0,0,0,219,286,138,301,706,904,514,2554,0.074201908
3W,ARCHIT ENTERPRISES,0,0,131,153,251,110,203,564,1077,777,2489,0.072313449
3W,ELECTROTHERM (INDIA) LIMITED,1,282,627,1184,270,60,35,5,4,0,2468,0.071703332
LMV,BYD INDIA PRIVATE LIMITED,0,0,0,0,0,0,2,453,2012,1401,2467,0.071674279
3W,VENUS AUTO WHEELS PVT LTD,0,1,282,329,306,212,329,398,574,204,2431,0.070628363
3W,SKYRIDE AUTOMOTIVE,0,301,344,285,447,393,520,90,40,14,2420,0.070308778
2W,QUANTUM ENERGY LTD.,0,0,0,0,0,0,0,25,2371,3178,2396,0.0696115
3W,GREEN IMPEX,1,627,650,246,182,25,3,175,442,169,2351,0.068304106
3W,VRINDA ENTERPRISES,0,6,44,151,290,191,113,446,1080,847,2321,0.067432509
3W,SUPER METRO INDUSTRIES,0,0,0,0,0,1,94,1006,1198,538,2299,0.066793339
3W,ELITE AUTO ENGINEERS PVT LTD,0,55,50,85,16,75,229,509,1200,934,2219,0.064469082
LMV,OTHERS,40,66,581,560,269,13,162,431,40,84,2162,0.062813048
3W,ARNA ELECTRIC AUTO PVT LTD,0,0,29,331,308,185,373,344,590,76,2160,0.062754942
3W,JITENDRA TEMPO PARTS,0,0,0,0,34,89,601,680,740,348,2144,0.062290091
3W,APSARA ENTERPRISE,0,0,0,153,276,191,418,379,725,685,2142,0.062231984
3W,BABA E-VEHICLES,0,2,53,132,145,92,39,288,1363,515,2114,0.061418494
3W,ACCRETION POWER AUTOS,0,1,21,240,315,111,207,608,598,329,2101,0.061040802
3W,SHAKTI AUTO GREEN,0,0,63,155,188,191,281,415,787,522,2080,0.060430685
LMV,MAHINDRA ELECTRIC MOBILITY LIMITED,462,306,499,461,99,35,82,66,56,1,2066,0.06002394
3W,JS MOBILEON PVT LTD,0,0,146,283,208,43,115,306,950,678,2051,0.059588142
3W,ECO SMART VEHICLES PVT LTD,0,0,0,115,58,14,154,453,1245,816,2039,0.059239503
3W,BATTERY RICKSHAW SANGH,669,1321,30,1,0,0,0,0,0,0,2021,0.058716545
3W,SUPERECO AUTOMOTIVE CO,1,8,325,700,444,157,134,55,134,71,1958,0.056886193
LMV,PCA AUTOMOBILES INDIA PVT LTD,0,0,0,0,0,0,0,0,1950,916,1950,0.056653767
3W,SHRI NAMO ELECTRIC AUTOMOTIVE,0,0,131,238,269,170,214,264,645,395,1931,0.056101756
2W,TORK MOTORS PVT LTD,0,0,0,0,0,1,0,319,1589,931,1909,0.055462585
3W,PARI E-VEHICLES,0,6,62,210,246,156,160,484,572,265,1896,0.055084893
3W,ELECTROTHERM (I) LIMITED,44,763,919,147,10,0,0,0,0,0,1883,0.054707202
3W,APM AUTO SALES,0,0,0,78,267,119,221,399,778,395,1862,0.054097084
3W,TUFAN MOTORS PVT LTD,0,0,0,0,208,82,193,391,987,460,1861,0.054068031
3W,BAJAJ IMPLEMENTS PVT. LTD,0,0,83,283,211,70,42,195,947,575,1831,0.053196435
3W,JAIDKA POWER SYSTEMS PVT LTD,0,0,0,157,414,249,180,636,163,61,1799,0.052266732
3W,RAYON ENGINEERS,0,0,67,135,50,4,27,333,1176,990,1792,0.052063359
3W,PLAUDIT TECHNO INDIA PVT LTD,0,0,271,503,504,255,206,34,18,360,1791,0.052034306
3W,BALI AUTO INDUSTRIES,0,2,155,295,315,178,237,333,274,159,1789,0.0519762
3W,GREEN TECHNOLOGIES,0,0,178,570,543,100,129,43,221,198,1784,0.051830934
3W,SHIV OM INDIA,0,0,633,582,209,40,23,69,197,151,1753,0.050930284
3W,VIMAL UNIVERSAL TRADE PVT LTD,0,0,0,74,183,74,130,407,831,704,1699,0.04936141
3W,ENTICE IMPEX PVT LTD,0,177,200,128,101,131,148,188,587,599,1660,0.048228335
3W,LAWAT MOTORS LLP,0,0,0,144,302,153,301,396,358,264,1654,0.048054016
3W,HOVEL CYLINDER PVT LTD,0,152,456,676,238,30,13,21,62,48,1648,0.047879696
2W,ECO FUEL SYSTEMS (I) PVT LTD,0,0,0,0,0,20,280,728,595,127,1623,0.047153366
3W,SETH INDUSTRIAL CORPORATION,0,0,0,32,79,59,130,401,911,700,1612,0.046833781
3W,AUTOHAUS PRIVATE LIMITED,0,0,0,206,329,124,326,485,103,2,1573,0.045700705
3W,ATTOLENT AUTOGROUP PVT LTD,35,1299,190,31,2,12,0,0,0,0,1569,0.045584493
3W,HI-TECH INDUSTRIES,0,0,253,257,131,37,441,297,122,21,1538,0.044683843
3W,AAHANA COMMERCE PVT LTD,0,0,0,0,0,61,202,309,918,1194,1490,0.043289289
LMV,BMW INDIA PVT LTD,1,0,0,5,0,0,0,163,1309,591,1478,0.04294065
3W,HIM TEKNOFORGE LTD,0,0,19,46,85,50,151,449,624,321,1424,0.041371777
3W,KIRTI SOLAR LTD,0,8,44,287,266,304,391,101,19,7,1420,0.041255564
3W,AUTOLITE (INDIA) LIMITED,0,0,49,216,571,328,139,64,11,1,1378,0.040035329
3W,LOHIA AUTO INDUSTRIES LTD.,0,400,420,165,94,54,30,185,20,0,1368,0.039744797
2W,ELTHOR ENERGY PRIVATE LIMITED,0,0,0,0,0,0,402,735,230,82,1367,0.039715743
3W,NHD MOTORS,0,0,0,125,161,179,265,289,326,202,1345,0.039076573
3W,AADHYA ENTERPRISES,0,3,0,4,6,4,6,516,797,312,1336,0.038815094
3W,NIPUN SANYANTRA PVT LTD,0,0,0,1,17,11,290,569,439,138,1327,0.038553615
3W,CHAUHAN AUTO INDUSTRIES,0,0,0,17,121,86,118,406,571,380,1319,0.038321189
2W,JIANGSU ZHEENAIDA (IMPORTER: KLB GLOBAL),0,0,0,0,0,0,0,496,799,121,1295,0.037623912
3W,FEDE INDUSTRIES PVT LTD,0,0,0,0,0,0,0,395,900,496,1295,0.037623912
3W,EXTRA FAST SOLUTIONS,0,0,0,0,0,56,214,401,614,470,1285,0.03733338
3W,TI CLEAN MOBILITY PVT LTD,0,0,0,0,0,0,0,1,1273,3139,1274,0.037013794
3W,JIJO ELECTRIC WHEELS PVT LTD,0,137,442,471,184,6,0,0,0,0,1240,0.036025985
3W,SUMFONL AUTO TRADERS PVT LTD,0,0,9,197,345,216,78,77,286,162,1208,0.035096282
3W,SONI E VEHICLE PVT LTD,0,41,109,380,320,41,74,173,64,22,1202,0.034921963
3W,OK PLAY INDIA LTD,0,9,336,468,130,64,6,63,125,81,1201,0.03489291
3W,RSD SECURITY SOLUTIONS PVT LTD,38,101,309,270,377,87,11,1,1,0,1195,0.034718591
3W,SAKSHAM TRADING COMPANY,0,181,272,354,243,81,31,17,4,97,1183,0.034369952
3W,SAMRAT ELECTRIC VEHICLE,0,0,1,13,59,20,37,353,677,386,1160,0.033701728
3W,ADITYA SAI INDUSTRIES,0,39,187,176,296,75,53,129,179,152,1134,0.032946345
3W,DD AUTO PVT LTD,0,136,274,397,222,62,8,13,2,0,1114,0.03236528
3W,SSEV ENTERPRISES PRIVATE LIMITED,0,0,0,0,0,0,0,340,767,620,1107,0.032161908
3W,HOP MOTORS PVT LTD,0,0,0,0,20,15,69,217,785,340,1106,0.032132855
3W,CHEHAK BATTERIES,0,46,160,195,80,48,62,223,290,190,1104,0.032074748
3W,BENTINCK INDUSTRIES PVT. LTD.,0,0,13,160,122,77,91,254,382,137,1099,0.031929482
3W,JMT VEHICLES PVT LTD,0,0,0,0,0,0,0,0,1077,1383,1077,0.031290311
3W,R3 ENTERPRISES,0,0,0,0,77,229,96,170,501,276,1073,0.031174098
2W,CHANDANA CORPORATION,0,0,0,0,0,0,133,426,501,106,1060,0.030796407
3W,ZENTHIUM EV PVT LTD,0,0,0,0,0,0,118,223,718,612,1059,0.030767353
3W,ANKUSH AUTO DEALS,0,15,72,505,287,51,111,2,5,0,1048,0.030447768
3W,3EV INDUSTRIES PVT LTD,0,0,0,0,0,0,112,390,545,51,1047,0.030418715
3W,SIWACH STEEL PVT LTD,0,24,285,331,188,42,47,98,24,8,1039,0.030186289
3W,E-MOTION AUTOMOTIVE INDUSTRY LLP,0,0,6,61,11,10,108,367,470,259,1033,0.03001197
3W,JESSUN TECHNO PVT LTD,0,0,0,174,362,43,84,155,208,101,1026,0.029808597
3W,JAISIK BUSINESS LINKS PVT LTD,0,0,0,0,0,0,176,224,600,287,1000,0.029053214
3W,KABMAX ELECTRIC AUTOMOBILES PVT. LTD,0,0,6,62,40,66,78,263,479,189,994,0.028878895
3W,GURUKIRPA INDUSTRIES,0,0,127,251,383,79,53,57,37,1,987,0.028675522
2W,NDS ECO MOTORS PVT LTD,0,0,0,48,648,146,96,28,7,2,973,0.028268777
3W,MAHTAB BODY MAKER,0,0,0,0,0,0,7,186,778,590,971,0.028210671
3W,RCJ AUTO FORGE PVT LTD,0,0,0,0,0,1,54,281,609,530,945,0.027455287
3W,DIAMOND E VEHICLES,0,0,0,10,2,0,26,303,604,234,945,0.027455287
3W,KINETIC MOTOR COMPANY LIMITED,3,250,678,13,0,0,0,0,0,0,944,0.027426234
3W,MALI ENTERPRISES PVT LTD,0,0,0,107,499,103,84,133,10,2,936,0.027193808
3W,SPEEGO VEHICLES PVT. LTD,227,287,164,15,0,13,73,131,12,0,922,0.026787063
3W,S.V AUTOMOTIVE,0,212,409,209,59,15,9,0,0,0,913,0.026525584
3W,ADIDEV TECHNOA PVT LTD,0,0,0,0,8,14,34,168,689,927,913,0.026525584
3W,OM BALAJI AUTOMOBILES I P LTD,0,340,241,145,83,54,24,16,9,0,912,0.026496531
3W,STAR IGLOBAL AUTOMOTIVE PVT LTD,0,0,0,0,0,12,81,211,570,315,874,0.025392509
LMV,KINETIC GREEN ENERGY & POWER SOLUTIONS LTD,0,0,0,3,1,0,840,8,1,30,853,0.024782391
3W,KGN,0,0,0,0,38,72,76,321,339,170,846,0.024579019
3W,BESTWAY AGENCIES PVT LTD,1,147,271,11,8,50,179,141,33,0,841,0.024433753
3W,PRIDE E-MOTORS,0,0,0,0,0,0,16,321,500,220,837,0.02431754
3W,SHALYA AUTO SALES PVT LTD,0,0,0,0,0,0,0,213,617,360,830,0.024114168
3W,K T ENTERPRISES,0,0,0,52,143,57,129,292,156,93,829,0.024085114
3W,APARNA INDUSTRIES,0,10,93,182,190,83,96,86,87,30,827,0.024027008
3W,HARSH TRADING CO,0,0,67,297,231,73,75,45,34,36,822,0.023881742
3W,FIRST CHOICE ELECTRIC VEHICLES PVT LTD,0,0,0,0,0,0,0,268,546,281,814,0.023649316
3W,KRISHNA VEHICALS,0,0,0,125,127,40,25,162,335,91,814,0.023649316
2W,NUMEROS MOTORS PVT LTD,0,0,0,0,0,0,0,335,473,150,808,0.023474997
3W,EXTREME MOTORS,0,0,49,200,111,12,15,177,218,90,782,0.022719613
3W,OGATA MOTORS INDIA PVT LTD,0,0,0,0,87,207,168,160,157,47,779,0.022632454
3W,SUPREME SMART POWER PVT LTD,0,0,0,0,0,0,64,244,434,219,742,0.021557485
3W,KALINGA VENTURES INDIA PVT LTD,0,0,20,96,250,96,31,110,139,9,742,0.021557485
3W,EVEX AUTO INDIA PVT LTD,0,0,0,1,67,66,134,298,166,36,732,0.021266953
3W,EPOWER VEHICLES PVT LTD,0,4,185,181,160,55,62,43,31,6,721,0.020947367
3W,ROARLEO MOTOR PVT LTD,0,0,0,59,88,52,43,136,338,180,716,0.020802101
3W,TAURUS ELECTRIC VEHICLES,0,0,0,0,35,24,76,234,346,170,715,0.020773048
3W,V.T. ENGINEERING,0,0,50,258,197,82,59,59,9,0,714,0.020743995
3W,RIBAND ELECTRIC PVT LTD,0,0,0,0,0,0,18,200,496,223,714,0.020743995
3W,DIVANSU AUTOMOBILES LTD,0,3,50,213,96,27,33,142,145,43,709,0.020598729
2W,EVTRIC MOTORS PVT LTD,0,0,0,0,0,0,0,162,540,123,702,0.020395356
MMV,TATA MOTORS LTD,1,0,4,4,119,26,253,15,275,5,697,0.02025009
2W,BOOMA INNOVATIVE TRANSPORT SULUTIONS PVT LTD,0,0,0,0,0,0,0,484,207,326,691,0.020075771
3W,RAMON INDUSTRIES,0,0,0,133,238,63,54,71,114,45,673,0.019552813
3W,SHRI RAM AUTO TECH PVT LTD,35,469,127,26,0,0,0,4,3,0,664,0.019291334
3W,AADITYA EMOTORS INDIA PVT LTD,0,1,471,179,10,0,0,0,0,0,661,0.019204174
LMV,KIA INDIA PRIVATE LIMITED,0,0,0,0,0,0,0,215,438,172,653,0.018971749
3W,KALPVRIKSH ELECTOMOBILES CO,0,0,0,1,74,70,83,136,288,211,652,0.018942695
3W,PACE AGRO PRIVATE LIMITED,0,0,11,138,234,115,66,46,41,11,651,0.018913642
3W,REPUBLIC MOTORS,0,0,7,84,54,44,105,119,237,143,650,0.018884589
3W,S AND J INDUSTRIES,0,0,0,79,140,62,49,189,126,44,645,0.018739323
3W,KHEMRAJ AUTOMOTIVE INDUSTRIES,0,48,352,177,46,13,7,2,0,0,645,0.018739323
3W,UMA MOTORS,0,0,0,26,99,37,72,191,211,125,636,0.018477844
3W,MANISH EV INTERNATIONAL PRIVATE LIMITED,0,0,0,0,0,0,28,173,433,195,634,0.018419738
3W,SHREE MARUTI NANDAN BUSINESSS (P) LTD,0,0,0,33,69,14,17,181,307,98,621,0.018042046
3W,RANA ENGINEER WORKS,0,0,0,0,0,0,5,35,575,564,615,0.017867727
2W,ENGTIAN ELECTRIC BIKE PVT LTD,0,0,0,0,0,0,0,141,472,237,613,0.01780962
2W,ODYSSE ELECTRIC VEHICLES PVT LTD,0,0,0,0,0,4,81,313,210,39,608,0.017664354
3W,EFEV CHARGING SOLUTION PVT LTD,0,0,0,0,0,0,0,82,526,170,608,0.017664354
LMV,VOLVO AUTO INDIA PVT LTD,0,0,0,0,0,0,0,35,570,317,605,0.017577194
3W,REFLEX CONTROL SYSTEM PVT .LTD,0,0,40,197,112,53,41,63,96,42,602,0.017490035
3W,AUTOECO GREEN ENERGY PVT LTD,0,0,0,0,0,0,0,21,578,524,599,0.017402875
3W,ARMAN GREEN VEHICLES PVT LTD,0,5,195,214,99,41,31,14,0,0,599,0.017402875
3W,PARVEEN AUTO,0,0,0,0,285,63,181,1,65,24,595,0.017286662
3W,DHAR INTERNATIONAL,0,0,0,0,163,140,141,104,34,14,582,0.01690897
3W,RAHUL AGRO EXPORTS PVT LTD,0,0,77,90,140,77,18,37,124,42,563,0.016356959
3W,AMAN ELECTRIC VEHICLES,0,80,114,69,20,15,63,39,162,327,562,0.016327906
2W,KYTE ENERGY PVT. LTD.,0,0,0,0,0,0,0,18,540,218,558,0.016211693
3W,HYKON INDIA LTD,0,0,0,0,0,0,159,306,91,17,556,0.016153587
3W,V.V.A.AUTO INDUSTRIES PVT.LTD,0,6,3,113,103,152,78,72,26,3,553,0.016066427
3W,M/S HOVEL CYLINDER PVT LTD,0,84,420,45,0,0,0,0,0,0,549,0.015950214
3W,PYTHOX MOTORS PVT LTD,0,0,0,0,14,23,45,125,338,462,545,0.015834002
3W,KETO MOTORS PVT LTD,0,0,0,0,0,0,190,130,224,364,544,0.015804948
3W,ANJALI TRADERS,0,0,0,75,118,122,79,75,74,53,543,0.015775895
3W,DASHMESH TRADERS,0,0,0,75,149,40,55,83,122,73,524,0.015223884
3W,GREEN KAIKETSU AUTOMOTIVE INDIA PVT LTD,0,37,146,140,146,27,14,5,0,0,515,0.014962405
3W,SAKSHAM TECH AUTOMOBILES,0,0,0,55,35,2,6,241,175,65,514,0.014933352
3W,URWASHI ENTERPRISES,0,0,0,0,0,0,0,156,355,208,511,0.014846192
3W,KHALSA  AGRO INDUSTRIES,0,0,429,11,0,21,7,31,3,0,502,0.014584713
3W,VIJAYSHREE AUTOCOM LIMITED,0,0,0,0,0,0,67,248,181,142,496,0.014410394
3W,MOTRAC MOTORS PVT LTD,0,0,0,128,132,100,111,23,0,0,494,0.014352288
3W,3S INDUSTRIES PRIVATE LIMITED,0,0,0,0,48,66,43,68,266,578,491,0.014265128
3W,BAL GOPAL WHEELS PVT LTD,0,0,21,87,94,31,86,64,105,99,488,0.014177968
2W,JIANGSU AIMA (IMPORTER: QUANTUM ENERGY),0,0,0,0,0,0,0,31,454,13,485,0.014090809
3W,VIJAYA ELECTRIC AUTO PVT LTD,0,0,0,0,0,0,35,193,256,138,484,0.014061756
2W,NEXZU MOBILITY PVT LTD,0,0,0,0,370,96,16,0,0,0,482,0.014003649
3W,NIRMAL UTILITY SERVICES PVT LTD,0,0,2,128,158,48,43,77,22,7,478,0.013887436
3W,KGN INDUSTRIES,0,0,0,0,16,8,0,47,405,522,476,0.01382933
3W,JAYDEV ENTERPRISE,0,0,0,55,248,95,42,23,6,0,469,0.013625957
3W,E-ASHWA AUTOMOTIVE PVT LTD,0,0,0,0,3,23,74,129,240,86,469,0.013625957
3W,SN SOLAR ENERGY,0,0,0,61,121,28,44,23,187,244,464,0.013480691
3W,SINGHAL ENTERPRISES,0,0,0,96,97,42,46,38,136,63,455,0.013219212
3W,LOTEY AGRO INDUSTRY,0,441,4,3,0,0,0,0,0,0,448,0.01301584
3W,SONI E VEHICLES PVT LTD,44,252,138,13,0,0,0,0,0,0,447,0.012986787
2W,OZOTEC AUTOMOBILE PRIVATE LIMITED,0,0,0,0,0,0,0,93,351,56,444,0.012899627
3W,A P I MOTORS PVT LTD,0,0,0,2,28,14,20,93,279,146,436,0.012667201
3W,GREEN VALLEY MOTORS,0,0,47,220,89,38,13,14,11,4,432,0.012550988
3W,TSM ENGINEERING PVT LTD,0,5,42,47,26,5,0,7,296,227,428,0.012434776
3W,RAJESH STEEL AND WIRE INDUSTRIES,0,0,18,148,135,57,32,30,8,2,428,0.012434776
3W,XXPLORE AUTOMOTIVE PVT. LIMITED,0,22,86,87,129,43,39,15,6,0,427,0.012405722
2W,WUXI SAIGE (IMPORTER: WARIVO MOTOR),0,0,0,0,0,0,0,1,426,282,427,0.012405722
3W,RASANDIK ENGINEERING INDUSTRIES INDIA LTD,0,0,13,129,58,10,10,47,152,150,419,0.012173297
LMV,MERCEDES -BENZ AG,0,0,0,0,0,10,26,60,322,316,418,0.012144243
3W,JUNO CASTINGS PVT LTD,0,9,79,238,79,6,0,0,0,0,411,0.011940871
3W,NISSAN MOTOR INDIA PVT LTD,0,408,2,0,0,0,0,0,0,0,410,0.011911818
2W,HONDA MOTORCYCLE AND SCOOTER INDIA (P) LTD,119,195,36,19,4,0,0,30,0,0,403,0.011708445
3W,OMEGA SALES & AGRO INDUSTRIES,0,0,0,0,0,3,12,102,283,188,400,0.011621286
3W,M K ENTERPRISES,0,210,169,16,1,0,0,0,0,0,396,0.011505073
3W,JADE KOREA SPINE LIFE,0,0,0,69,74,53,67,20,113,24,396,0.011505073
3W,VEECTERO E VEHICLES LLP,0,0,0,9,38,22,24,132,171,59,396,0.011505073
3W,LAKSHYA AUTO SALES CORPORATION,0,0,0,0,24,14,33,85,240,168,396,0.011505073
3W,CAPARO AUTOTECH LIMITED,0,24,321,44,4,0,0,0,0,0,393,0.011417913
3W,GREEN STAR MOTORS,0,0,0,8,0,0,24,15,345,176,392,0.01138886
3W,U P TELELINKS LTD,22,210,135,1,4,0,0,15,3,0,390,0.011330753
2W,WUXI TENGHUI (IMPORTER: HOP ELECTRIC MOBILITY),0,0,0,0,0,0,0,0,389,168,389,0.0113017
3W,JAIN POWER CORP,0,0,0,39,80,28,33,64,143,58,387,0.011243594
3W,MANIRAM ELECTRIC VEHICLE PVT LTD,0,0,0,16,52,19,0,0,299,766,386,0.011214541
3W,SYNDICATE AUTO COMPONENTS,0,0,0,0,11,13,58,227,77,51,386,0.011214541
2W,DAO EVTECH PRIVATE LIMITED,0,0,0,0,0,0,0,102,283,72,385,0.011185487
3W,GAGAN AUTOMOTIVES,0,0,0,0,0,0,0,0,383,508,383,0.011127381
3W,CART INDIA,0,0,0,17,123,99,26,7,109,357,381,0.011069274
3W,AMBIKA ENTERPRISES,0,0,0,0,0,25,113,92,145,55,375,0.010894955
LMV,NIC TEST ACCOUNT-1,0,3,369,0,0,0,0,0,0,0,372,0.010807796
3W,CLH GASEOUS FUEL APPL PVT LTD,4,157,158,37,11,5,0,0,0,0,372,0.010807796
3W,LORDS VEHICLE MFG PVT LTD,0,0,0,0,0,3,65,114,186,50,368,0.010691583
3W,UMA  AUTO INDUSTRIES PVT. LTD,0,3,23,126,41,2,1,34,137,50,367,0.010662529
3W,HITEK ELECTRIC AUTO CO,0,0,87,155,108,7,2,5,0,0,364,0.01057537
3W,SINGH AUTOMOBILES,0,0,0,0,0,0,0,0,359,322,359,0.010430104
3W,GODAWARI TECHNO SOLUTIONS PVT LTD,0,0,0,1,93,48,55,86,74,32,357,0.010371997
2W,ADRIS ELECTRIC PVT LTD,0,0,0,0,0,0,65,226,61,8,352,0.010226731
2W,ELECTROTHERM (I) LIMITED,178,136,26,4,0,0,0,0,0,0,344,0.009994306
2W,NISIKI TECHNOLOGIES PVT LTD,0,0,0,0,0,0,12,167,164,23,343,0.009965252
2W,HONDA CARS INDIA LTD,134,81,120,4,0,0,0,0,0,0,339,0.00984904
3W,ETRIO AUTOMOBILES PVT LTD,0,0,0,0,0,0,75,179,80,6,334,0.009703773
2W,AFTEK MOTORS INDIA PVT LTD,0,0,0,0,0,1,8,186,138,34,333,0.00967472
3W,M G INDUSTRIES,0,0,0,11,65,41,5,64,145,53,331,0.009616614
3W,WELKIN HEALTHCARE PVT LTD,0,0,0,25,67,68,22,114,30,29,326,0.009471348
3W,NIKHIL FURNITURES,0,1,76,205,31,7,0,0,0,0,320,0.009297028
3W,GURU JI WHEELS,0,0,0,0,0,21,118,117,64,0,320,0.009297028
3W,ECO-FRIENDLY ELECTRIC VEHICLE PVT LTD,0,0,18,61,147,53,9,29,1,165,318,0.009238922
2W,WUXI TOURWE (IMPORTER: GOREEN E-MOBILITY),0,0,0,0,0,0,0,0,316,102,316,0.009180816
3W,SHINE METAL UDYOG PVT LTD (UNIT- II),0,0,30,92,61,8,10,5,110,138,316,0.009180816
3W,J S MOBILEON PVT LTD,0,248,43,0,10,0,0,6,7,0,314,0.009122709
3W,DELTEK ENTERPRISES PVT LTD,0,0,0,192,106,5,0,0,8,21,311,0.00903555
3W,VISHAL ENTERPRISES,0,0,0,0,0,34,100,140,36,20,310,0.009006496
3W,S S GLOBAL,0,0,0,45,106,79,61,11,6,26,308,0.00894839
LMV,AUDI AG,0,0,1,0,0,0,43,115,143,100,302,0.008774071
3W,GOENKA ELECTRIC MOTOR VEH P L,35,195,55,9,0,0,0,0,0,0,294,0.008541645
3W,ASHMA-MOTORS PVT LTD,0,0,0,0,0,0,0,0,294,828,294,0.008541645
3W,AMAN AUTOMOBILES,0,0,69,41,53,22,64,30,14,55,293,0.008512592
2W,WUXI TENGHUI (IMPORTER: SEEKA E MOTORS),0,0,0,0,0,0,0,15,278,167,293,0.008512592
3W,INDIA SAFE ENTERPRISE,0,0,0,0,0,0,0,16,276,241,292,0.008483538
3W,HERO MOTOCORP LTD,0,0,229,62,0,0,0,0,0,0,291,0.008454485
3W,DSF INDUSTRIES PVT LTD,0,0,5,22,72,132,17,14,26,1,288,0.008367326
LMV,MERCEDES-BENZ INDIA PVT LTD,0,0,0,0,0,0,0,94,193,112,287,0.008338272
3W,RAJ AUTOMOTIVE,0,0,9,18,11,22,26,101,99,52,286,0.008309219
LMV,OMEGA SEIKI PVT LTD,0,0,0,0,0,0,32,146,102,61,280,0.0081349
2W,WUXI JIYAYI (IMPORTER: IZANAU ELECTRIC LLP),0,0,0,0,0,0,0,2,275,64,277,0.00804774
3W,GREEN KAIKETSU AUTOMATIVE IND,0,78,175,10,4,6,3,1,0,0,277,0.00804774
2W,KABIRA MOBILITY LLP,0,0,0,0,0,0,5,107,165,27,277,0.00804774
3W,GRAM TARANG EMPLOYABILITY TRAINNING SERVICES P LTD,0,0,0,0,51,0,21,65,136,11,273,0.007931527
2W,ROWWET MOBILITY PVT LTD,0,0,0,0,0,1,60,143,68,260,272,0.007902474
3W,BAXY LTD,0,0,0,0,0,0,0,0,271,1481,271,0.007873421
3W,PRAG MOTORS,0,0,0,5,0,10,2,47,206,94,270,0.007844368
3W,NABH MOTORS PVT LTD,0,29,79,86,48,6,5,12,0,0,265,0.007699102
3W,BALAN ENGINEERING PVT LTD,0,0,0,0,0,0,13,105,146,112,264,0.007670048
3W,SUNULTRA POWER SOLUTIONS PVT LTD,0,0,0,0,0,9,28,82,142,52,261,0.007582889
3W,SHRI BALAJI ENTERPRISES,0,0,0,175,84,0,1,0,0,0,260,0.007553836
3W,SGLLINE MOTORS PVT LTD,0,0,0,63,28,49,28,60,31,23,259,0.007524782
3W,MOHAN GENERAL TRADING COMPANY,0,0,0,17,56,77,39,26,43,31,258,0.007495729
3W,A3T INCORPORTED,0,8,94,85,41,3,17,8,0,0,256,0.007437623
2W,ULTRAVIOLETTE AUTOMOTIVE PVT LTD,0,0,0,0,0,0,0,0,256,69,256,0.007437623
3W,SEN AND PANDIT VOLTAGE CONTROL PVT LTD,0,0,0,40,54,28,23,55,54,37,254,0.007379516
3W,KLB KOMAKI PVT LTD,0,0,0,77,80,47,34,9,4,192,251,0.007292357
2W,JUNENG MOTORCYCLE (IMPORTER: ISCOOT MOTERS),0,0,0,0,0,0,0,37,212,102,249,0.00723425
3W,FIVE ELEMENTS,0,6,48,30,15,6,1,23,119,83,248,0.007205197
2W,AYAAN ELECTRONIC PVT LTD,0,0,0,0,0,2,0,132,112,25,246,0.007147091
3W,PRAAKARM AUTO & CONSTRUCTION EQUIPMENTS,0,0,0,35,23,15,30,40,101,30,244,0.007088984
3W,KUMARAN ENGINEERING ENTERPRISES,0,0,0,0,0,0,0,0,244,15,244,0.007088984
3W,KCAS ELECTRIC VEHICLES PVT LTD,0,0,0,0,0,0,0,47,197,105,244,0.007088984
3W,J P AUTO TECH,0,0,0,17,6,8,50,82,80,30,243,0.007059931
2W,OMJAY EV LIMITED,0,0,0,0,0,0,0,172,67,13,239,0.006943718
2W,PORFITEL TECHNOLOGY (IMPORTER: AERORIDE),0,0,0,0,0,0,0,23,214,89,237,0.006885612
3W,KAMAZ INDUSTRIES,0,0,0,6,5,30,9,61,122,42,233,0.006769399
2W,IRA EDUTECH PVT LTD,0,0,0,0,0,38,78,98,19,6,233,0.006769399
2W,MARUTHISAN PVT LTD,0,0,0,0,0,0,0,84,147,90,231,0.006711292
3W,TEJASGREEN AUTOMOTIVE PVT LTD,0,0,0,24,141,16,7,42,1,0,231,0.006711292
3W,M2J E VAHAN PVT LTD,0,0,0,0,17,54,105,50,0,8,226,0.006566026
3W,ELECTRECA VEHICLES,0,0,0,4,181,29,9,0,0,0,223,0.006478867
3W,AJAY MOTORS PRIVATE LIMITED,0,0,0,0,0,0,0,33,190,109,223,0.006478867
3W,THE COMMERCIAL MOTORS LIMITED,0,0,0,0,32,14,38,79,58,4,221,0.00642076
3W,EDMRC MANNSCHAFT LLP,0,0,0,0,16,29,36,49,89,20,219,0.006362654
2W,YOUYAKU ELECTRIC (IMPORTER:IME VEHICLES PVT LTD),0,0,0,0,0,0,0,0,218,232,218,0.006333601
3W,ASHA IMPEX,0,0,5,21,2,7,35,61,86,126,217,0.006304547
3W,SMART ELECTRO MOTORS,0,0,4,23,25,31,38,48,47,44,216,0.006275494
3W,VISHWAKARMA GNG INDUSTRY,0,0,0,35,30,19,3,6,123,162,216,0.006275494
2W,ELECTRECA VEHICLES,0,0,0,0,2,9,40,93,72,40,216,0.006275494
3W,MAHI ENTERPRISES,0,0,0,22,32,8,13,80,60,1,215,0.006246441
3W,KERALA AUTOMOBILES LIMITED,0,0,0,0,0,36,73,32,74,87,215,0.006246441
3W,DYNAVOLT TECHNOLOGY INDIA LTD,0,0,0,142,48,2,11,11,0,1,214,0.006217388
2W,HOP ELECTRIC MOBILITY PVT LTD,0,0,0,0,0,0,0,2,209,163,211,0.006130228
3W,SHINME ELECTRICAL VEHICLE PVT LTD,0,0,0,0,0,0,0,91,120,72,211,0.006130228
3W,HAARISH AUTOMOTIVES (OPC) PRIVATE LIMITED,0,0,0,77,105,3,2,12,11,0,210,0.006101175
3W,JITENDRA NEW EV-TECH PVT. LTD,0,0,0,1,2,32,75,66,34,5,210,0.006101175
2W,EXERVAL PVT LTD,0,0,0,0,0,0,0,127,83,13,210,0.006101175
3W,PRAKASH ENTERPRISES,0,0,0,2,19,30,48,46,65,65,210,0.006101175
3W,MONDAL TRADING,0,0,0,0,0,61,68,2,77,38,208,0.006043068
3W,SARAVANA ENGINEERING WORKS,0,0,0,0,0,0,0,0,204,4,204,0.005926856
3W,PATS MOTOR CORP,0,1,18,9,44,59,28,24,21,6,204,0.005926856
3W,HERO ELECTRIC VEHICLE PVT LTD,63,94,42,5,0,0,0,0,0,0,204,0.005926856
3W,ALTIUS TECHNOLOGIES,0,32,7,0,79,30,29,9,13,7,199,0.00578159
3W,ENGINIA VEHICLES PVT LTD,0,0,0,0,0,4,1,0,188,184,193,0.00560727
3W,GALVANIC AUTO PVT LTD,0,0,0,0,0,0,0,0,188,19,188,0.005462004
3W,SPEEDWAYS ELECTRIC,0,0,85,64,19,11,3,1,5,2,188,0.005462004
3W,GOODENERGY INDIA PVT LTD,0,97,86,5,0,0,0,0,0,0,188,0.005462004
3W,MANMOHAN KAUR,0,0,0,0,54,25,6,39,64,65,188,0.005462004
2W,WUXI SAIGE ELECTRIC (IMPORTER: DELTA AUTOCORP LLP),0,0,0,0,0,0,0,4,182,109,186,0.005403898
3W,SUDHRAJ ELECTRIC MOBILITY PVT. LTD.,0,0,0,0,0,0,0,11,175,223,186,0.005403898
3W,SAINIK CYCLE MART,0,0,0,0,0,0,7,142,36,11,185,0.005374845
3W,BIJNOR ENTERPRISES,0,0,18,24,10,4,4,52,72,24,184,0.005345791
3W,A K AUTTO ELECTRICAL,0,1,72,56,42,1,5,3,2,0,182,0.005287685
3W,MAA KALPANA ENTERPRISE,0,0,0,0,0,0,11,17,153,230,181,0.005258632
3W,GREEN WHEELZ (INDIA),0,0,31,131,15,3,0,0,0,0,180,0.005229578
3W,YAARI AUTOMOBILES PVT LTD,0,0,0,0,29,88,58,1,3,79,179,0.005200525
3W,PANTHER ELECTRIC VEHICLES,0,0,0,0,0,2,33,66,77,23,178,0.005171472
3W,DIVANSHU AUTOMOBILES LIMITED,0,14,129,18,10,3,2,0,0,0,176,0.005113366
3W,CHARUVIKRAM AUTOMOBILE PVT LTD,0,0,0,0,84,56,22,6,6,0,174,0.005055259
3W,VICTORIA E VEHICLES PVT. LTD,0,0,59,59,15,2,1,10,25,2,171,0.0049681
3W,KALIKA VAHAN PVT LTD,0,0,0,55,55,39,17,2,2,0,170,0.004939046
3W,SIRF INDIA VEHICLES PVT LTD,0,0,0,24,45,44,24,5,27,53,169,0.004909993
3W,GOODWILL HI PRECISION WORKS PVT LTD,0,0,3,59,53,19,10,25,0,0,169,0.004909993
3W,JAI SRI RAM ELECTRIC VEHICLE MANUFACTURING PVT LTD,0,0,0,0,0,0,0,0,165,108,165,0.00479378
3W,ELEPHANTA INDUSTRIES PVT LTD,0,0,0,0,53,33,18,49,11,8,164,0.004764727
2W,ZAP (HK) (IMPORTER: IZANAU ELECTRIC),0,0,0,0,0,0,0,35,128,48,163,0.004735674
2W,SRIVARU MOTORS PVT LTD,0,0,0,0,0,0,77,60,24,0,161,0.004677567
3W,HERCULES CRANE PVT.LTD.,0,0,145,16,0,0,0,0,0,0,161,0.004677567
2W,SUPERECO AUTOMOTIVE CO,0,0,0,1,0,7,8,14,128,15,158,0.004590408
3W,TRUPART AUTOMOTIVE INDIA PVT LTD,0,0,2,71,61,10,2,0,10,1,156,0.004532301
LMV,PORSCHE AG GERMANY,0,0,0,0,0,0,0,60,96,54,156,0.004532301
3W,SETHJI INDUSTRIES,0,0,88,50,6,6,4,0,0,0,154,0.004474195
3W,NAMAH INDUSTRIES PVT LTD,0,0,0,6,91,38,9,4,5,153,153,0.004445142
3W,JAY ACE TECHNOLOGIES LTD,0,36,88,26,2,1,0,0,0,0,153,0.004445142
3W,KRISHNA INDUSTRIES,0,0,1,0,28,39,37,41,5,0,151,0.004387035
3W,D S INDUSTRIES,0,0,0,0,11,29,31,46,32,2,149,0.004328929
3W,C M OVERSEAS,0,0,0,10,16,17,21,34,50,16,148,0.004299876
3W,ELECTRA INTERNATIONAL,0,0,39,58,23,19,0,0,7,8,146,0.004241769
3W,GODAWARI ELECTRIC MOTORS PVT LTD,0,0,0,0,0,0,0,0,145,155,145,0.004212716
3W,PANSEN ENGINEERING INDIA PVT LTD,0,0,0,0,41,57,47,0,0,0,145,0.004212716
2W,WHITE CARBON MOTORS PVT LTD,0,0,0,0,0,0,21,82,42,20,145,0.004212716
3W,CYRUS AUTO INDUSTRIES PVT LTD,0,0,0,0,2,14,7,24,96,37,143,0.00415461
3W,CITADEL ENTERPRISES(OPC) PVT LTD,0,0,0,0,24,26,28,36,28,8,142,0.004125556
3W,ARD EXIM,0,0,0,0,0,14,24,41,61,29,140,0.00406745
3W,ECO DYNAAMIC EQUIPMENTS,0,0,0,0,0,0,19,47,74,55,140,0.00406745
3W,TSR TRADE COM,0,0,0,0,10,35,35,29,30,9,139,0.004038397
3W,AKG INTERNATIONAL,0,0,0,0,0,0,0,0,138,1048,138,0.004009344
3W,DYS IMPEX PVT LTD,1,4,130,2,0,1,0,0,0,0,138,0.004009344
3W,HERO ELECTRIC VEHICLES PVT. LTD,0,0,72,47,15,0,3,1,0,0,138,0.004009344
3W,E-GURU AUTO ENERGY,0,0,0,0,0,0,0,12,125,202,137,0.00398029
3W,MOTOR & GENERAL SALES PVT LTD,0,0,0,102,33,1,0,0,0,0,136,0.003951237
3W,ZOHAN TRADERS AND BIG METRO,0,0,0,0,0,0,0,5,131,74,136,0.003951237
3W,GREEN SHUTTLE TECHNOLOGY PVT LTD,0,0,0,0,18,14,39,36,28,27,135,0.003922184
2W,CHINA HAOCHEN (IMPORTER: ADMS MARKETING),0,0,0,0,0,0,0,0,135,154,135,0.003922184
3W,VICTOR AGRO INDUSTRIES,0,49,79,7,0,0,0,0,0,0,135,0.003922184
3W,MLR AUTO LTD,0,0,0,0,0,5,35,23,70,143,133,0.003864077
2W,SOKUDO ELECTRIC INDIA PVT LTD,0,0,0,0,0,0,0,0,132,232,132,0.003835024
3W,ADM TECHNOLOGIES PVT. LTD.,0,0,0,0,0,0,0,0,129,151,129,0.003747865
2W,MECPOWER MOBILITY PVT. LTD.,0,0,0,0,0,0,0,0,128,154,128,0.003718811
2W,GODAWARI ELECTRIC MOTORS PVT LTD,0,0,0,0,0,0,0,0,128,184,128,0.003718811
2W,JIANGSU XINRI E-VEHICLE(IMPORTER SWIFT CUR.TECH.),0,0,0,0,0,0,2,41,85,11,128,0.003718811
3W,ATUL GREENTECH PRIVATE LIMITED,0,0,0,0,0,0,0,0,127,308,127,0.003689758
3W,RAJIV RAJ VEHICLES PVT LTD,0,0,1,46,28,35,17,0,0,0,127,0.003689758
3W,HUNDA EV PVT LTD,0,0,0,0,0,0,0,0,125,255,125,0.003631652
3W,XXPLORE AUTOMATIVE PVT LTD,0,31,49,15,11,1,1,12,2,0,122,0.003544492
3W,SEALION AUTOMOBILE PVT LTD,0,0,0,0,14,13,22,36,36,13,121,0.003515439
3W,G WILLIAMS FABRICATIONS LTD,0,0,0,44,68,5,1,2,0,0,120,0.003486386
2W,MIRAKLE 5 AUTOMOBILES PVT LTD,0,0,0,0,0,0,0,18,102,12,120,0.003486386
3W,BHADAURIA ENTERPRISES,0,0,0,0,0,0,6,7,106,81,119,0.003457332
3W,TVS MOTOR COMPANY LTD,2,6,6,3,0,0,0,5,97,99,119,0.003457332
2W,BLIX CYCLES AND E-VEHICLES PVT LTD,0,0,0,0,0,0,8,45,65,4,118,0.003428279
3W,GREENETICS INDUSTRIES PVT LTD,0,0,1,0,0,0,0,0,116,0,117,0.003399226
3W,RASIWASIA RASAYAN PVT LTD,0,0,60,22,19,2,1,10,2,4,116,0.003370173
2W,E-SPRINTO GREEN ENERGY PVT LTD,0,0,0,0,0,0,0,0,116,331,116,0.003370173
3W,ANJALI AUTO COMPONENTS,0,0,0,0,0,23,11,21,61,22,116,0.003370173
3W,NGAGE WHEEL PVT LTD,0,0,0,0,38,21,7,8,40,10,114,0.003312066
3W,YUVRAJ INTERNATIONAL,0,0,0,71,31,3,4,5,0,0,114,0.003312066
2W,FIADO INDUSTRIES PVT LTD,0,0,0,0,0,0,0,5,106,58,111,0.003224907
3W,GREEN EVOLVE PVT LTD,0,0,0,0,0,0,0,69,42,172,111,0.003224907
3W,ZESAR MOTORS PVT LTD,0,0,4,12,12,8,15,23,37,19,111,0.003224907
LMV,JAYEM AUTOMOTIVES PVT LTD,0,0,0,0,19,42,49,0,0,0,110,0.003195854
3W,VINCI INDUSTRIAL CORPORATION,0,0,0,0,16,34,12,9,39,37,110,0.003195854
3W,VVA AUTO INDUSTRIES PVT LTD,2,77,22,5,0,1,0,0,0,0,107,0.003108694
3W,XPLORE AUTOMOTIVE PVT LTD,0,42,62,3,0,0,0,0,0,0,107,0.003108694
3W,WOX COOLERS PVT LTD,0,0,26,61,17,0,0,1,2,2,107,0.003108694
3W,K. V. INDUSTRIES,0,0,0,0,26,19,10,12,38,19,105,0.003050587
2W,ATUMOBILE PVT LTD,0,0,0,0,0,0,0,0,105,22,105,0.003050587
3W,INVVIGORS INDIA,0,0,0,0,0,0,0,9,96,73,105,0.003050587
2W,ALTIUS EV TECH PVT LTD,0,0,0,0,0,0,0,67,37,14,104,0.003021534
2W,TUNWAL E MOTORS PVT LTD,0,0,0,0,0,0,1,58,44,16,103,0.002992481
3W,HITECH INDUSTRIES,0,37,62,3,0,0,0,0,0,0,102,0.002963428
2W,SBTEK E MOTO PVT LTD,0,0,0,0,0,14,46,19,22,8,101,0.002934375
3W,GAYAM MOTOR WORKS PRIVATE LIMITED,0,0,0,0,10,28,63,0,0,0,101,0.002934375
2W,HONGKONG YIXING (IMPORTER: ADMS MARKETING),0,0,0,0,0,0,0,14,84,163,98,0.002847215
2W,TYST DRIVE INDIA PVT LTD,0,0,0,0,0,2,25,40,31,6,98,0.002847215
2W,HERO ECO VEHICLES PVT LTD,33,22,17,17,8,0,0,0,0,0,97,0.002818162
2W,ROYAL-ENFIELD (UNIT OF EICHER LTD),56,34,4,1,1,0,0,0,0,0,96,0.002789109
3W,KPT MOTORS,0,0,0,0,0,0,0,15,81,26,96,0.002789109
3W,SPEED AUTO TECH,0,0,0,0,0,0,0,8,87,20,95,0.002760055
3W,U V MOTORS INDIA PVT LTD,0,0,0,45,34,16,0,0,0,0,95,0.002760055
2W,MICROCON I2I PVT LTD,0,0,0,0,0,0,94,0,0,0,94,0.002731002
3W,SHREYA ENGINEERS,0,0,0,2,14,13,43,13,9,3,94,0.002731002
3W,PAARTH SARTHI AUTOMOTIVE ENGINEERS PVT LTD,0,0,4,19,13,2,21,23,11,0,93,0.002701949
3W,VISHALA E-VEHICLES INDUSTRIES PRIVATE LIMITED,0,0,0,0,0,0,0,1,92,22,93,0.002701949
LMV,TOYOTA KIRLOSKAR MOTOR PVT LTD,19,24,12,28,3,0,6,1,0,0,93,0.002701949
3W,WASAN E-MOBILITY SOLUTIONS PVT LTD,0,0,0,0,0,0,0,13,80,20,93,0.002701949
3W,OM INDUSTRIES,0,0,0,35,12,1,0,0,44,768,92,0.002672896
2W,RIVER MOBILITY PVT LTD,0,0,0,0,0,0,0,0,92,1134,92,0.002672896
3W,BAJAJ IMPLEMENTS PVT LTD,0,0,71,20,0,0,0,0,0,0,91,0.002643842
3W,KIRAN AUTOMOBILE INDUSTRY,0,0,0,0,0,0,0,10,81,77,91,0.002643842
3W,PRESTANTIA CREATIONS PVT LTD,0,0,18,23,9,13,21,0,6,11,90,0.002614789
3W,ALBEDO VISION PVT LTD,0,0,0,15,6,15,0,14,39,4,89,0.002585736
3W,VGLAN BUILDCON PRIVATE LIMITED,0,4,10,8,39,1,27,0,0,0,89,0.002585736
3W,AVON CYCLE LTD INDIA,0,1,17,4,1,3,13,40,10,0,89,0.002585736
3W,CREATIVE ENGINEERINGS,0,0,60,7,21,0,0,0,0,0,88,0.002556683
3W,MALHOTRA  VEHICLE MANUFACTURING PVT LTD,0,0,35,47,6,0,0,0,0,0,88,0.002556683
3W,SIX SENSES AUTOMOTIVE PVT LTD,0,0,0,0,63,8,0,4,12,33,87,0.00252763
3W,LAXMI E-RICKSHAW COMPANY,0,0,0,16,35,11,18,7,0,0,87,0.00252763
3W,SVS ENTERPRISES,0,0,0,0,0,0,0,0,84,17,84,0.00244047
3W,DEEP DRAWN TECHNOLOGIES,0,0,4,46,12,3,3,4,12,14,84,0.00244047
3W,SHREE SIRIDI SAI MINERAL & EXPORTS PVT. LTD,0,0,44,39,0,0,0,0,0,0,83,0.002411417
2W,IZANAU ELECTRIC LLP,0,0,0,0,0,0,0,32,51,13,83,0.002411417
2W,YOUYAKU ELECTRIC (IMPORTER: HOUSTAN INNOVATION),0,0,0,0,0,0,0,0,82,109,82,0.002382364
2W,QICHENG VEHICLE (IMPORTER: AUTOICARE INNOVATION),0,0,0,0,0,0,0,0,81,28,81,0.00235331
3W,KANIFA AUTOMOTIVE PVT LTD,0,0,0,0,2,78,1,0,0,0,81,0.00235331
3W,TRINITY ELECTRIC VEHICLES PVT LTD,0,0,0,0,0,2,13,9,57,120,81,0.00235331
3W,RACCOON MOTORS PVT LTD,0,0,0,0,0,7,35,20,18,9,80,0.002324257
2W,YOUYAKU ELECTRIC (IMPORTER: SASDAL ENTERPRISES),0,0,0,0,0,0,0,0,80,101,80,0.002324257
3W,RIYA ENTERPRISE,0,0,0,1,10,5,2,31,31,5,80,0.002324257
2W,HERO HONDA MOTORS  LTD,19,54,4,1,1,0,0,0,0,0,79,0.002295204
3W,SANCHAL AUTOMOBILES PVT LTD,0,0,0,0,56,22,0,0,0,0,78,0.002266151
LMV,A3T INCORPORTED,0,0,2,75,0,0,0,0,0,0,77,0.002237097
3W,VOLMAC ENGINEERING PVT LTD,0,3,26,30,16,2,0,0,0,0,77,0.002237097
3W,YC ELECTRIC VEHICLE PVT LTD,0,0,30,14,24,8,1,0,0,0,77,0.002237097
3W,PASHUPATI VEHICLES PVT LTD,0,0,13,17,29,15,2,1,0,0,77,0.002237097
LMV,JAGUAR LAND ROVER INDIA LIMITED,0,0,0,0,0,0,27,40,9,4,76,0.002208044
3W,PACE AGRO PVT LTD,0,0,29,44,3,0,0,0,0,0,76,0.002208044
3W,GREENTECH AUTO LLP,0,0,0,8,19,36,6,6,1,7,76,0.002208044
3W,NB TURNED  COMPONENTS PVT LTD,0,0,31,29,13,0,2,0,0,0,75,0.002178991
3W,G.K E-VEHICLS INDUSTRIES PVT LTD,0,0,0,0,0,0,0,0,74,479,74,0.002149938
2W,INDIA YAMAHA MOTOR PVT LTD,26,31,14,2,0,0,0,0,0,0,73,0.002120885
2W,SUZUKI MOTORCYCLE INDIA PVT LTD,17,24,20,2,1,0,0,9,0,0,73,0.002120885
2W,WUXI TENGHUI (IMPORTER: FLYCON MOTORS),0,0,0,0,0,0,0,0,72,157,72,0.002091831
3W,PURVA UDYOG PVT LTD,0,0,0,0,1,0,13,35,23,8,72,0.002091831
3W,EVCO AUTOMOBILES PVT LTD,0,0,0,0,0,0,0,57,14,327,71,0.002062778
3W,CAPARO AUTOTECH LTD,0,9,62,0,0,0,0,0,0,0,71,0.002062778
2W,GOGORO (IMPORTER: GOGORO INDIA PRIVATE LTD),0,0,0,0,0,0,0,0,71,0,71,0.002062778
3W,HITECH  MECHANICAL WORKS,0,0,0,6,1,20,28,2,12,4,69,0.002004672
3W,OLYMPUS INDUSTRIES PVT LTD,0,0,0,3,51,5,10,0,0,0,69,0.002004672
3W,POOSHPAK AUTOMOBILES PVT LTD,0,0,0,0,0,0,2,1,65,249,68,0.001975619
2W,WUXI SAIGE (IMPORTER: DM GREEN ENERGY),0,0,0,0,0,0,0,0,68,21,68,0.001975619
3W,OM PACKAGING,0,0,0,4,29,13,6,15,0,0,67,0.001946565
3W,SWASTIK,0,0,0,0,27,40,0,0,0,1,67,0.001946565
LMV,KALINGA VENTURES INDIA PVT LTD,0,0,1,58,7,0,0,0,0,0,66,0.001917512
2W,ZHEJIANG LUYUAN (IMPORTER: DYNAM EV TECH),0,0,0,0,0,0,0,21,45,9,66,0.001917512
2W,HOUSTAN INNOVATION LLP,0,0,0,0,0,0,0,33,32,5,65,0.001888459
2W,ELECTROTHERM (INDIA) LIMITED,0,0,15,48,2,0,0,0,0,0,65,0.001888459
2W,SIMPLEENERGY PVT LTD,0,0,0,0,0,0,0,0,65,568,65,0.001888459
3W,SF2 E VEHICLE PVT LTD,0,0,0,0,0,0,0,16,49,14,65,0.001888459
3W,ISUKII GREENS PVT LTD,0,0,0,0,0,0,0,0,65,14,65,0.001888459
3W,EEVEE ENGINEERING PVT LTD,0,0,0,11,13,5,14,20,1,0,64,0.001859406
2W,ZHEJIANG TIANYING  (IMPORTER: NEWTRON ELECTRIC),0,0,0,0,0,0,0,0,64,6,64,0.001859406
3W,LML LIMITED,0,22,38,3,0,0,0,0,0,0,63,0.001830352
2W,M2GO ELECTRIC VEHICLE PVT LTD,0,0,0,0,0,19,38,4,2,0,63,0.001830352
3W,LAWAT MOTORS,0,0,60,0,1,1,0,0,1,0,63,0.001830352
3W,BESTWAY BANARASH,0,0,2,0,0,15,21,12,12,10,62,0.001801299
3W,SIARSA ELECTRICALS PVT LTD,0,0,13,28,21,0,0,0,0,0,62,0.001801299
3W,GOOD ENERGY INDIA,1,19,36,2,3,0,0,0,0,0,61,0.001772246
2W,JUNENG MOTORCYCLE (IMPORTER: ADMS MARKETING),0,0,0,0,0,0,0,9,52,37,61,0.001772246
2W,ANCHI MOTORCYCLE (IMPORTER: YED ELECTRIC),0,0,0,0,0,0,0,0,61,39,61,0.001772246
2W,YANGGUANG LINGMU (IMPORTER: FLYCON MOTORS),0,0,0,0,0,0,0,0,61,96,61,0.001772246
2W,WUXI SAIGE ELECTRIC (IMPORTER: GLORIOUS DIGITAL),0,0,0,0,0,0,0,6,54,3,60,0.001743193
3W,ALLENTTI MOTORS PVT LTD,0,0,0,0,0,0,0,0,59,131,59,0.00171414
3W,NIBE MOTORS PVT LTD,0,0,0,0,15,4,1,19,19,0,58,0.001685086
3W,AADITYA GARBAGE PRODUCTS PVT LTD,0,0,0,0,13,0,0,10,34,4,57,0.001656033
2W,ANCHI MOTORCYCLE  (IMPORTER: ECOTRINITY AUTOMOBILE,0,0,0,0,0,0,0,6,51,22,57,0.001656033
3W,KRANTI AUTOMOBILES LTD,0,0,0,1,21,27,5,3,0,0,57,0.001656033
2W,FSTMOTO (IMPORTER: AUTOICARE INNOVATION),0,0,0,0,0,0,0,0,57,21,57,0.001656033
3W,SUPERECO AUTOMOTIVE CO LLP,0,1,47,5,0,2,0,0,1,0,56,0.00162698
3W,ERISHA E MOBILITY PVT LTD,0,0,0,0,0,0,0,0,55,48,55,0.001597927
3W,SUCCESSPATH MARKETING PVT LTD,0,17,30,6,0,0,0,0,0,0,53,0.00153982
3W,BAGHWAN RIKSHAW UDYOG,0,0,0,0,0,3,7,3,40,25,53,0.00153982
3W,NAND ELECTRIC MOTOR VEHICLE PVT LTD,0,0,6,13,30,0,0,0,3,0,52,0.001510767
3W,MALAK TECHNO PVT LTD,0,0,0,0,0,0,0,0,52,50,52,0.001510767
3W,VAHAK FUTURE SOLUTIONS LLP,0,0,0,0,0,0,12,17,23,89,52,0.001510767
3W,NARAINDASS AND SONS,0,0,0,34,12,1,0,0,4,11,51,0.001481714
3W,BRIGHT METAL WORKS,0,0,0,0,0,9,4,7,31,1,51,0.001481714
3W,VSL INDUSTRIES,0,0,0,0,0,0,44,7,0,1,51,0.001481714
2W,KAINING (HONGKONG) (IMPORTER: ENIGMA AUTOMOBILES),0,0,0,0,0,0,0,0,51,12,51,0.001481714
LMV,REVA ELECTRIC CAR CO,5,1,26,19,0,0,0,0,0,0,51,0.001481714
2W,JIANGSU DALONG (IMPORTER:TYLOS ELECTRIC VEHICLES),0,0,0,0,0,0,0,0,50,10,50,0.001452661
3W,NEELAM CYCLE,0,0,0,0,0,0,0,8,42,21,50,0.001452661
2W,LI-IONS ELEKTRIK SOLUTIONS PVT LTD,0,0,0,0,0,40,5,0,5,0,50,0.001452661
2W,OBEN ELECTRIC VEHICLES PVT LTD,0,0,0,0,0,0,0,0,50,217,50,0.001452661
3W,MULTI DIMENSIONAL SOLUTIONS,0,0,0,5,18,7,10,10,0,0,50,0.001452661
3W,FITWEL MOBILITY PVT LTD,0,0,0,0,0,0,1,31,17,2,49,0.001423607
2W,THUKRAL ELECTRIC BIKES PVT LTD,0,0,0,0,0,0,0,1,48,8,49,0.001423607
3W,JAGUAR LAND ROVER INDIA LIMITED,0,0,43,6,0,0,0,0,0,0,49,0.001423607
3W,DIVYA AUTOMOBILES,0,0,0,0,45,3,0,0,0,0,48,0.001394554
LMV,EVAGE AUTOMOTIVE PVT LTD,0,0,0,0,0,0,0,3,44,60,47,0.001365501
3W,DESMOTO ELECTRICS PVT LTD,0,0,0,0,0,16,30,1,0,0,47,0.001365501
3W,GREEN TACK EMPALA ELECTRIC MOTOR COMPANY,0,0,0,0,0,0,0,0,46,22,46,0.001336448
3W,JCB INDIA LTD,0,0,37,9,0,0,0,0,0,0,46,0.001336448
3W,EVBHARAT RANGE PRIVATE LIMITED,0,0,0,0,0,0,0,15,31,18,46,0.001336448
3W,TWASHTRE AUTOMOTIVE PVT LTD,0,0,0,0,19,4,6,6,11,6,46,0.001336448
2W,AVON CYCLES LTD,0,0,8,37,1,0,0,0,0,0,46,0.001336448
3W,NEUON MOTORS LLP,0,0,0,0,0,0,0,0,45,54,45,0.001307395
3W,SHERA ELECTRICAL AUTO PVT LTD,0,12,11,20,1,1,0,0,0,0,45,0.001307395
3W,KPT INDUSTRIES LTD,0,0,0,14,3,3,4,9,11,3,44,0.001278341
3W,AMPERE VEHICLES PVT LTD,0,0,44,0,0,0,0,0,0,0,44,0.001278341
3W,"""VOLVO GROUP INDIA PVT LTD""",0,0,31,12,0,0,0,0,0,0,43,0.001249288
3W,HITECH ELECTRIC AUTO CO,0,27,14,0,0,0,0,2,0,0,43,0.001249288
3W,JINDAL ELECTRIC VEHICLES,0,0,0,3,37,3,0,0,0,0,43,0.001249288
3W,INDIA YAMAHA MOTOR PVT LTD,0,0,36,7,0,0,0,0,0,0,43,0.001249288
2W,ELECTRIC ALLIANCE(IMPORTER: ELLYSIUM AUTOMOTIVES),0,0,0,0,0,0,0,0,43,2,43,0.001249288
3W,AARGEE ELECTRIC,0,0,1,0,0,0,10,13,18,4,42,0.001220235
3W,SHRI RAM AUTOMOBILES,0,23,17,2,0,0,0,0,0,0,42,0.001220235
2W,YANGGUANG LINGMU (IMPORTER: DAWNGATE BUSINESS),0,0,0,0,0,0,0,25,16,1,41,0.001191182
3W,GOOD WILL HI PRECISION,0,15,21,3,0,1,0,0,0,0,40,0.001162129
3W,SHAILENDRA AUTOS PVT LTD,0,0,0,0,0,0,0,0,40,91,40,0.001162129
LMV,MAHINDRA LAST MILE MOBILITY LTD,0,0,0,0,0,0,0,0,40,430,40,0.001162129
2W,YANGGUANG LINGMU (IMPORTER: REMARK ELECTRIC),0,0,0,0,0,0,0,13,27,13,40,0.001162129
LMV,GODREJ AND BOYCE MFG CO LTD,15,6,15,1,0,0,1,0,2,0,40,0.001162129
3W,PRIYAM INDUSTRIES AND ENGINEERING PVT LTD,0,0,0,0,0,0,0,0,40,99,40,0.001162129
3W,BABA E RICKSHAW & C BATTERIES,0,2,31,6,0,0,0,0,0,0,39,0.001133075
3W,GAURI AUTO INDIA PVT. LTD,0,0,0,0,15,7,6,10,1,0,39,0.001133075
3W,LUCKY INDUSTRIES,0,0,0,0,0,0,0,0,38,88,38,0.001104022
3W,JAL ENTERPRISES,0,0,0,0,0,0,0,0,38,2,38,0.001104022
3W,NANNHRAY AGIRCULTURE WORKS,0,0,31,6,0,0,0,0,0,0,37,0.001074969
3W,ORIGINAL FUEL SYSTEM PVT LTD,0,0,15,22,0,0,0,0,0,0,37,0.001074969
3W,GRG SMART VEHICLE PVT LTD,0,0,0,0,4,29,4,0,0,0,37,0.001074969
3W,SWADESHI INDUSTRIES,0,0,0,19,18,0,0,0,0,0,37,0.001074969
2W,WUXI TENGHUI (IMPORTER: BOHRE ELECTRIC),0,0,0,0,0,0,0,0,37,6,37,0.001074969
3W,MAHINDRA & MAHINDRA LIMITED (TRACTOR),0,0,33,3,0,0,0,0,0,0,36,0.001045916
3W,SUNARIYA MOTORS PVT LTD,0,0,0,0,0,0,0,0,36,31,36,0.001045916
2W,YOUYAKU ELECTRIC (IMPORTER:NEWTRON ELECTRIC),0,0,0,0,0,0,0,0,36,67,36,0.001045916
3W,V V A ELECTRIC VEHICLE,0,36,0,0,0,0,0,0,0,0,36,0.001045916
2W,WUXI TENGHUI (IMPORTER: FEZORA INDIA),0,0,0,0,0,0,0,0,35,16,35,0.001016862
3W,KALINGA VENTURES IND P,0,0,25,5,5,0,0,0,0,0,35,0.001016862
3W,REFLEX CONTROL SYSTEM PVT,0,3,22,7,0,2,0,0,0,0,34,0.000987809
3W,SUGANJI RARA ELECTRIC VEHICLE PVT LTD,0,0,0,2,0,18,10,4,0,0,34,0.000987809
3W,ECOYAN ELECTRIC MOTOR VEHICLES PVT LTD,0,0,0,0,7,8,8,4,7,0,34,0.000987809
MMV,OLECTRA GREENTECH LTD,0,0,0,1,11,7,0,3,12,0,34,0.000987809
3W,PRAGYA AUTOMOBILE PVT LTD,0,0,0,0,0,0,0,0,33,79,33,0.000958756
3W,PUNEET OVERSEAS  INC,0,0,0,0,0,5,13,15,0,0,33,0.000958756
LMV,ATUL AUTO LTD,0,0,14,11,0,0,0,2,5,0,32,0.000929703
3W,VOLTAIC INDUSTRIES PVT LTD,0,0,0,21,5,6,0,0,0,0,32,0.000929703
LMV,PIAGGIO VEHICLES PVT LTD,0,0,0,0,0,0,19,3,10,8,32,0.000929703
2W,ZAP (IMPORTER:ELLYSIUM AUTOMOTIVES PVT LTD),0,0,0,0,0,0,0,0,32,7,32,0.000929703
3W,RP MOTORS,0,0,0,0,0,0,0,0,32,107,32,0.000929703
LMV,NEEDLE EYE PLASTIC INDUSTRIES PVT LTD,0,10,17,5,0,0,0,0,0,0,32,0.000929703
2W,JIANGSU GUOWEI (IMPORTER: REVEAL ELECTRIC),0,0,0,0,0,0,0,0,31,10,31,0.00090065
3W,APARNA AGRICO,0,0,25,5,0,0,0,0,0,0,30,0.000871596
LMV,MARUTI SUZUKI INDIA LTD,8,11,8,2,1,0,0,0,0,0,30,0.000871596
LMV,SHRI LAKSHMI LATHE WORKS,6,11,8,5,0,0,0,0,0,0,30,0.000871596
3W,MARKUS,0,0,0,0,0,0,0,2,27,35,29,0.000842543
3W,DHAR IN PVT LTD,0,0,0,0,0,0,0,0,29,26,29,0.000842543
3W,S B TRADERS,0,0,0,0,0,0,0,0,29,83,29,0.000842543
3W,PASHUPATI NATH MOTORS PVT LTD,0,0,1,14,12,2,0,0,0,0,29,0.000842543
3W,M/S. DAVE EXIM (P) LTD.,0,0,28,0,1,0,0,0,0,0,29,0.000842543
3W,B24 ROKET EV,0,0,0,0,0,0,0,0,28,663,28,0.00081349
3W,ASHWA ELECTRIC,0,0,2,16,1,4,4,1,0,1,28,0.00081349
3W,SAKSHAM TECH AUTO,0,0,26,2,0,0,0,0,0,0,28,0.00081349
LMV,VGLAN BUILDCON PVT LTD,0,0,13,15,0,0,0,0,0,0,28,0.00081349
3W,SHINE METAL UDYOG PVT LTD,0,0,19,9,0,0,0,0,0,0,28,0.00081349
3W,SHAMMI ELECTRONICS,0,0,0,0,0,0,0,0,28,21,28,0.00081349
3W,SKS AUTOMOBILES (I) PVT LTD,0,0,20,0,0,0,0,5,2,0,27,0.000784437
3W,VEHICLE FACTORY JABALPUR,0,5,22,0,0,0,0,0,0,0,27,0.000784437
2W,GO GREEN EOT (ENERGY OF THINGS) PVT LTD,0,0,0,0,0,0,9,7,11,0,27,0.000784437
3W,PASHUPATI VEHICLE PVT. LTD.,0,1,2,3,20,1,0,0,0,0,27,0.000784437
2W,WUXI SAIGE (IMPORTER: E-VISHWA ELECTOBIKE),0,0,0,0,0,0,0,12,15,4,27,0.000784437
3W,SWARNCHAKRA AUTOMOBILES PVT LTD,0,0,0,0,0,0,15,7,5,4,27,0.000784437
3W,JAYA AUTOMOTIVES PVT LTD ?????,0,3,23,0,0,0,0,0,0,0,26,0.000755384
3W,SAMEER ENGINEERING,0,0,0,0,16,3,2,0,5,21,26,0.000755384
3W,CELLETRON MOTOR WORKS,0,0,0,0,0,6,9,11,0,93,26,0.000755384
3W,TARA MAA MACHINERY,0,0,0,0,0,0,0,0,26,54,26,0.000755384
3W,NEWTON INDIA INDUSTRIES PVT LTD,0,0,0,0,0,0,12,9,5,0,26,0.000755384
3W,UNIQUE AUTO ELECTRIC,0,0,0,0,0,0,0,0,26,874,26,0.000755384
3W,SAGAR FABRICATIONS,0,0,0,0,0,0,0,16,10,17,26,0.000755384
3W,SPEEDWAYS ELECTRIC PVT LTD,0,14,11,0,0,0,0,0,0,0,25,0.00072633
3W,DURABLE FLANGES PVT LTD,0,0,0,1,7,17,0,0,0,0,25,0.00072633
3W,MAHINDRA NAVISTAR  AUTOMOTIVES LTD,0,0,19,6,0,0,0,0,0,0,25,0.00072633
3W,LAKSHYA MOTORS,0,0,0,0,13,0,3,9,0,10,25,0.00072633
3W,BULL MACHINES PVT LTD,0,0,21,3,0,0,0,0,0,0,24,0.000697277
3W,GOBIND INDUSTRIES PVT LTD,0,0,0,0,7,0,0,12,5,10,24,0.000697277
3W,MARINE NAVAIDS & SOLAR AUTO PVT LTD,0,0,0,0,0,4,2,14,4,0,24,0.000697277
3W,SAS MOTORS LTD.,7,13,4,0,0,0,0,0,0,0,24,0.000697277
3W,KNIGHT QUEEN INDUSTRIES PV LTD,8,15,1,0,0,0,0,0,0,0,24,0.000697277
3W,JOYRAM STEEL FABRICATION WORKS,0,0,0,0,0,1,5,3,14,3,23,0.000668224
2W,ATOMEX E-MOTORS INDIA PVT LTD,0,0,0,0,0,2,17,3,1,0,23,0.000668224
3W,CHIRAG ENTERPRISES,0,0,0,19,4,0,0,0,0,0,23,0.000668224
3W,ADITYA AGRO INDUSTRIES,0,2,17,3,0,0,1,0,0,0,23,0.000668224
2W,JIANGSU DALONG (IMPORTER: SABOO TOR),0,0,0,0,0,0,0,0,22,24,22,0.000639171
2W,MAA LUXMI E-VEHICLES PVT. LTD.,0,0,0,0,0,0,0,18,4,0,22,0.000639171
LMV,PINNACLE MOBILITY SOLUTIONS PVT LTD,0,0,0,0,0,0,0,0,22,27,22,0.000639171
2W,SAI SAMEER POWER ELECTRIC VEHICLES PVT LTD,0,0,0,0,0,0,0,0,22,7,22,0.000639171
3W,NANYA AIRCONN PVT LTD,0,0,14,7,1,0,0,0,0,0,22,0.000639171
3W,PUNJAB BODY BUILDERS,0,0,0,0,0,0,0,0,22,37,22,0.000639171
2W,WUXI TENGHUI (IMPORTER: FRANKLIN EV INDIA),0,0,0,0,0,0,0,0,22,10,22,0.000639171
2W,JUNENG MOTORCYCLE TECH. (IMPORTER: DELTA AUTOCORP),0,0,0,0,0,0,0,0,22,23,22,0.000639171
3W,TEREX CORPORATION,0,15,6,1,0,0,0,0,0,0,22,0.000639171
2W,LOG 9 MATERIALS SCIENTIFIC PVT LTD,0,0,0,0,0,0,21,0,0,0,21,0.000610117
3W,VE COMMERCIAL VEHICLES LTD,0,9,12,0,0,0,0,0,0,0,21,0.000610117
2W,WUXI DONGMA (IMPORTER: DYNAM PRECISION),0,0,0,0,0,0,0,6,15,6,21,0.000610117
3W,SAURYAA SHARYO CORPORATION,0,4,12,2,0,0,0,1,2,0,21,0.000610117
3W,EVOLUTION AUTOTECH,0,0,0,10,3,1,5,2,0,2,21,0.000610117
3W,SITYOG ENGINEERING PVT LTD,0,0,0,0,0,15,1,0,5,2,21,0.000610117
3W,ZBEE INDIA PVT LTD,0,0,0,16,2,2,1,0,0,0,21,0.000610117
2W,YOUYAKU ELECTRIC (IMPORTER:ONZO EV),0,0,0,0,0,0,0,0,20,37,20,0.000581064
LMV,DILLI ELECTRIC AUTO PVT LTD,0,2,1,7,2,0,1,2,5,0,20,0.000581064
3W,DUKEMOTO MOTORS PVT LTD,0,0,0,0,11,9,0,0,0,0,20,0.000581064
3W,RAVI METAL WORKS,0,0,0,0,0,0,0,0,20,452,20,0.000581064
3W,ARIHANT ENTERPRISES,0,0,0,12,8,0,0,0,0,0,20,0.000581064
3W,VGLAN BUILDCON PVT LTD,4,4,8,4,0,0,0,0,0,0,20,0.000581064
LMV,M/S SHRIRAM AUTO TECH PVT LTD,0,0,1,18,1,0,0,0,0,0,20,0.000581064
2W,JIANGSU DALONG (IMPORTER: KINGCHE MOBILITY),0,0,0,0,0,0,0,0,20,7,20,0.000581064
3W,SUNSHINE TECHNOLOGIES,0,0,0,0,17,0,0,0,2,7,19,0.000552011
2W,MAHINDRA TWO WHEELERS LTD,5,14,0,0,0,0,0,0,0,0,19,0.000552011
3W,KARNATAKA SCOOTERS LTD,0,0,19,0,0,0,0,0,0,0,19,0.000552011
2W,NIC TEST ACCOUNT-1,0,3,6,10,0,0,0,0,0,0,19,0.000552011
3W,"MAYUR ENTERPRISES,BARIPADA",0,0,3,0,15,1,0,0,0,0,19,0.000552011
3W,DIWA GREEN TECHNOLOGY PVT LTD,0,0,0,10,6,1,2,0,0,0,19,0.000552011
3W,SHRI SHIVSHANKAR ENTERPRISES,0,0,0,0,5,4,2,8,0,0,19,0.000552011
2W,MODIKA INTERNATIONAL (IMPORTER: FRANKLIN EV),0,0,0,0,0,0,0,0,19,30,19,0.000552011
3W,EBUZZ MOBILITY LLP,0,0,0,0,0,0,0,1,17,16,18,0.000522958
2W,EKO VEHICLE PRIVATE LIMITED,10,0,8,0,0,0,0,0,0,0,18,0.000522958
3W,ATR TECHNOSALES PRIVATE LIMITED,0,0,4,9,5,0,0,0,0,0,18,0.000522958
3W,VEANCO AUTOMOTIVES PVT LTD,0,0,0,0,0,0,1,6,11,3,18,0.000522958
2W,INDUS ELECTROTHERM INDIA LTD,13,3,2,0,0,0,0,0,0,0,18,0.000522958
LMV,GOENKA ELECTRIC MOTOR VEH P L,0,1,2,15,0,0,0,0,0,0,18,0.000522958
3W,SML ISUZU LTD,0,1,17,0,0,0,0,0,0,0,18,0.000522958
2W,GOGORO INDIA PVT LTD,0,0,0,0,0,0,0,0,18,115,18,0.000522958
2W,HONGKONG YIXING (IMPORTER: VICTORY ELECTRIC),0,0,0,0,0,0,0,0,18,3,18,0.000522958
2W,WUXI TENGHUI INTERNATIONAL (IMPORTER: FEZORA),0,0,0,0,0,0,0,0,17,18,17,0.000493905
3W,TAO POWER PRIVATE LIMITED,0,0,0,0,0,0,0,6,11,3,17,0.000493905
LMV,SHRI ABIRAMI TRAILERS,2,2,5,8,0,0,0,0,0,0,17,0.000493905
3W,M/S JASRAJ AUTO AGENCY,0,0,0,0,0,0,0,17,0,0,17,0.000493905
3W,MUNDE MECHANICAL WORKS,0,0,17,0,0,0,0,0,0,0,17,0.000493905
3W,KNIGHT QUEEN INDUSTRIES PVT LTD,0,3,10,4,0,0,0,0,0,0,17,0.000493905
3W,KRANTI INTERNATIONAL,0,0,0,10,6,0,0,0,0,0,16,0.000464851
3W,DEVAM ELECTRIC VEHICLES PVT LTD,0,0,0,4,0,0,0,0,12,83,16,0.000464851
3W,VISHWARUP ENTERPRISE,0,0,0,0,4,0,0,2,10,2,16,0.000464851
3W,RD AND CO,0,0,0,0,0,3,3,9,1,0,16,0.000464851
3W,SURYA INTERNATIONAL,0,0,0,0,0,0,0,0,16,13,16,0.000464851
2W,FUJIYAMA POWER INFRA PVT. LTD.,0,0,0,0,0,0,0,0,16,4,16,0.000464851
3W,GURUKIRPA MOTORS,0,0,16,0,0,0,0,0,0,0,16,0.000464851
3W,ADAPT MOTORS PVT LTD,0,0,0,0,6,2,1,3,4,1,16,0.000464851
3W,SCOOTERS INDIA LTD,0,0,1,0,0,5,4,5,1,1,16,0.000464851
LMV,INTERNATIONAL TRACTORS LIMITED,0,6,6,2,1,0,0,0,0,0,15,0.000435798
2W,JIANGSU XINRI (IMPORTER: NISIKI TECHNOLOGIES),0,0,0,0,0,0,0,12,3,2,15,0.000435798
3W,LAKSHMI AUTO TRADERS,0,0,0,0,0,0,0,0,15,0,15,0.000435798
LMV,BILAL TRAILORS,2,8,1,4,0,0,0,0,0,0,15,0.000435798
3W,SUN MOTORS,1,3,7,4,0,0,0,0,0,0,15,0.000435798
3W,M/S VISHNU CLEAN ENERGY VEHICLES LLP,0,0,0,0,0,0,0,8,7,35,15,0.000435798
LMV,M/S CHAMPION POLY PLAST,0,2,2,11,0,0,0,0,0,0,15,0.000435798
2W,SMAP VEHICLES (IMPORTER: ELEGO MOTORS),0,0,0,0,0,0,0,0,15,2,15,0.000435798
3W,RENAULT INDIA PVT LTD,0,0,14,0,0,0,0,0,0,0,14,0.000406745
3W,TRUZ INDUSTRIES,0,0,0,5,6,0,0,0,3,4,14,0.000406745
2W,PIAGGIO VEHICLES PVT LTD,3,7,4,0,0,0,0,0,0,0,14,0.000406745
3W,MAN TRUCKS INDIA PVT. LTD.,0,0,14,0,0,0,0,0,0,0,14,0.000406745
3W,RASANDIK MOTORS PVT LTD,0,0,12,2,0,0,0,0,0,0,14,0.000406745
3W,ZERO 21 RENEWABLE ENERGY SOLUTIONS PVT LTD,0,0,0,0,0,0,0,3,11,55,14,0.000406745
3W,PRABHA AUTOMOTIVE ENGINEERS PVT LTD,0,0,0,0,0,0,0,6,8,9,14,0.000406745
3W,PRAJJWAL MAHAJAN TRADERS,0,0,0,0,0,0,0,0,13,99,13,0.000377692
3W,UNIC,0,0,13,0,0,0,0,0,0,0,13,0.000377692
3W,LEOPAN MOTORS PRIVATE LIMITED,0,0,0,0,0,0,0,0,13,4,13,0.000377692
3W,EXTRAMILE GAS TECH,0,0,0,3,4,6,0,0,0,0,13,0.000377692
LMV,ELECTROTHERM (I) LIMITED,0,1,11,1,0,0,0,0,0,0,13,0.000377692
2W,ANCHI MOTORCYCLE(IMPORTER:GREEN FUEL ALTERNATIVES),0,0,0,0,0,0,0,0,13,8,13,0.000377692
3W,OM. INDUSTRIES,0,0,0,0,5,3,4,1,0,0,13,0.000377692
LMV,KION INDIA PVT LTD,2,3,4,0,0,0,0,4,0,0,13,0.000377692
3W,GREEN WORLD MOTORS PVT LTD,0,0,0,10,2,0,0,0,0,0,12,0.000348639
3W,G. M. VEHICLE INDUSTRIES,0,0,0,0,0,0,0,9,3,22,12,0.000348639
2W,WUXI TENGHUI (IMPORTER: REMARK ELECTRIC),0,0,0,0,0,0,0,0,12,4,12,0.000348639
2W,ABZO MOTORS PVT LTD,0,0,0,0,0,0,0,0,12,48,12,0.000348639
2W,WUXI TENGHUI INTERNATIONAL (IMPORTER: FRANKLIN EV),0,0,0,0,0,0,0,0,12,12,12,0.000348639
LMV,M/S HOVEL CYLINDER PVT LTD,0,0,11,1,0,0,0,0,0,0,12,0.000348639
LMV,SHIGAN EVOLTZ LTD,0,0,0,1,1,0,9,0,0,0,11,0.000319585
2W,DONGMA VEHICLE (IMPORTER: MERCURY METALS),0,0,0,0,0,0,0,0,11,1,11,0.000319585
3W,NEW HOLLAND CONSTRUCTION EQUIPMENT(I) PVT.LTD.,0,0,8,3,0,0,0,0,0,0,11,0.000319585
3W,KRISHNA ENGINEERING,0,5,6,0,0,0,0,0,0,0,11,0.000319585
2W,YANGGUANG LINGMU (IMPORTER: XWLS ELECTRIC),0,0,0,0,0,0,0,0,11,13,11,0.000319585
3W,GURJEET AGRO INDUSTRIES,0,1,8,2,0,0,0,0,0,0,11,0.000319585
3W,SANT ENGG WORKS,0,0,11,0,0,0,0,0,0,0,11,0.000319585
2W,JIANGSU DALONG (IMPORTER: ENGTIAN ELECTRIC),0,0,0,0,0,0,0,0,11,4,11,0.000319585
2W,KAINING (HONGKONG) (IMPORTER:M/S IZANAU ELECTRIC),0,0,0,0,0,0,0,0,11,17,11,0.000319585
LMV,VINAYAK INDUSTRIES,0,0,11,0,0,0,0,0,0,0,11,0.000319585
3W,VIJEX STEEL FABRICATION,0,0,0,0,0,0,0,0,11,22,11,0.000319585
LMV,ANTONY TRAILORS,1,8,2,0,0,0,0,0,0,0,11,0.000319585
3W,LOCAL TRAILER MANUFACTURER,0,0,0,0,0,0,0,0,11,0,11,0.000319585
3W,CHANGZHOU YEFEND VEHICLE CO,0,3,8,0,0,0,0,0,0,0,11,0.000319585
2W,JIANGSU SUNHOU (IMPORTER: SABOO TOR),0,0,0,0,0,0,0,1,10,2,11,0.000319585
3W,SUNANDA GREENTECH PVT LTD,0,0,0,0,0,0,0,0,11,112,11,0.000319585
3W,GEO ALLIANCE,0,0,0,0,1,6,4,0,0,0,11,0.000319585
3W,DEVAM ELECTRIC VEH P L,1,7,3,0,0,0,0,0,0,0,11,0.000319585
3W,HERO ECO VEHICLES PVT LTD,0,10,1,0,0,0,0,0,0,0,11,0.000319585
3W,S.S.AGRO TECH,0,0,10,1,0,0,0,0,0,0,11,0.000319585
3W,GURDEEP ENGINEERING WORKS,0,1,8,1,0,0,0,0,0,0,10,0.000290532
3W,H. D. AUTOMOTIVES,0,0,0,1,9,0,0,0,0,0,10,0.000290532
3W,SHRIRAM ASTRAL MOTOR CO,0,0,0,0,6,4,0,0,0,0,10,0.000290532
3W,PREET TRACTORS PVT. LTD.,0,0,10,0,0,0,0,0,0,0,10,0.000290532
3W,GENERAL AGENCIES(KOLKATA) PVT LTD,0,0,0,0,9,1,0,0,0,0,10,0.000290532
2W,QOOKEE TECHNOLOGIES (IMPORTER:VIKEBIKE INDIA),0,0,0,0,0,0,0,0,10,21,10,0.000290532
LMV,EULER MOTORS PVT LTD,0,0,0,0,0,0,0,7,3,2,10,0.000290532
LMV,EICHER TRACTORS,4,2,4,0,0,0,0,0,0,0,10,0.000290532
MMV,VE COMMERCIAL VEHICLES LTD,0,0,0,3,0,0,0,7,0,0,10,0.000290532
2W,WUXI NOOMA (IMPORTER: SMARTNK  ELECTRIC VEHICLE),0,0,0,0,0,0,0,0,10,4,10,0.000290532
3W,ADITYA ENTERPRISES,0,0,0,0,1,0,5,3,1,0,10,0.000290532
2W,YANGGUANG LINGMU (IMPORTER: DURGA FILTERS),0,0,0,0,0,0,0,1,9,0,10,0.000290532
3W,A.K.AUTO ELECTRICAL,0,2,8,0,0,0,0,0,0,0,10,0.000290532
LMV,NISSAN MOTOR INDIA PVT LTD,0,2,4,0,1,0,0,3,0,0,10,0.000290532
2W,LML LIMITED,0,0,10,0,0,0,0,0,0,0,10,0.000290532
3W,JIANGSU JINPENG (IMPORTER: KKL HITECH EV),0,0,0,0,0,0,0,0,10,16,10,0.000290532
LMV,MACNEILL ENGG LTD,2,2,0,0,0,0,6,0,0,0,10,0.000290532
LMV,LIUGONG INDIA PVT. LTD,0,0,0,0,1,0,0,9,0,0,10,0.000290532
3W,KRANTI AUTOMOBILES LIMITED,0,0,9,0,0,0,0,0,0,0,9,0.000261479
3W,GREAVES INDIA PVT LTD,0,0,9,0,0,0,0,0,0,0,9,0.000261479
3W,LOTIA  MOTORS  LTD,0,0,8,1,0,0,0,0,0,0,9,0.000261479
3W,TRANSVAHAN TECHNOLOGIES INDIA PVT LTD,0,0,0,0,9,0,0,0,0,0,9,0.000261479
LMV,ALTIGREEN PROPULSION LABS PVT LTD,0,0,0,0,0,0,2,0,7,6,9,0.000261479
3W,ASTER AUTOMOTIVE PVT LTD,0,0,0,7,0,0,0,2,0,0,9,0.000261479
3W,S.P. ELECTRONICS,0,0,3,6,0,0,0,0,0,0,9,0.000261479
LMV,AADITYA EMOTORS INDIA PVT LTD,0,0,2,6,0,0,0,0,0,0,8,0.000232426
LMV,ESCORTS KUBOTA LIMITED (AGRI MACHINERY GROUP),0,1,0,0,0,0,1,1,5,0,8,0.000232426
2W,WUXI TENGHUI (IMPORTER: JAIDKA POWER),0,0,0,0,0,0,0,0,8,1,8,0.000232426
LMV,LAKSHMI AGRO INDUSTRIES,6,1,1,0,0,0,0,0,0,0,8,0.000232426
2W,JIANGSU AIMA (IMPORTER: FUTURE EV),0,0,0,0,0,0,0,0,8,40,8,0.000232426
2W,ANCHI MOTORCYCLE (IMPORTER: EVNEXUS PVT. LTD.),0,0,0,0,0,0,0,0,8,3,8,0.000232426
3W,KADESEETLA AASHIRWAD GP INDUSTRIES PVT LTD,0,0,0,0,0,0,0,0,8,4,8,0.000232426
3W,UMA AUTO INDUSTRIES PVT LTD,0,1,0,6,1,0,0,0,0,0,8,0.000232426
3W,THE COMMERCIAL MOTORS PVT LTD,0,0,0,0,0,0,0,0,8,10,8,0.000232426
LMV,ALLFINE INDUSTRIES PVT LTD,0,0,0,0,0,0,0,0,8,0,8,0.000232426
LMV,MOTOROYALE KINETIC PRIVATE LIMITED,0,0,0,0,0,0,0,8,0,0,8,0.000232426
2W,WUXI SAIGE (IMPORTER: ELECTRO-TECH),0,0,0,0,0,0,0,0,8,9,8,0.000232426
3W,SHRI CHAMUNDI MOPEDS,0,6,2,0,0,0,0,0,0,0,8,0.000232426
3W,JAISWAL INDUSTRIES,0,0,8,0,0,0,0,0,0,0,8,0.000232426
3W,HBSS E MOBILITY PVT LTD,0,0,0,0,0,0,0,0,8,16,8,0.000232426
3W,GARWARE MOTORS LIMITED,0,0,8,0,0,0,0,0,0,0,8,0.000232426
3W,HANUMAN UDYOG,0,0,0,0,0,0,0,0,8,68,8,0.000232426
3W,BALAJI TRADING COMPANY,0,0,0,0,0,0,0,0,7,21,7,0.000203372
LMV,VICTORY ELECTRIC INTERNATIONAL,0,2,3,1,1,0,0,0,0,0,7,0.000203372
2W,KAINING (HONGKONG) (IMPORTER: ENERGY AUTOMOBILE),0,0,0,0,0,0,0,0,7,10,7,0.000203372
LMV,OK PLAY INDIA LTD,0,0,0,0,7,0,0,0,0,0,7,0.000203372
LMV,YC ELECTRIC VEHICLE,0,0,0,0,2,2,0,1,2,0,7,0.000203372
LMV,ACTION CONSTRUCTION EQUIPMENT LTD.,6,1,0,0,0,0,0,0,0,0,7,0.000203372
3W,UNICORN DIGITAL SYSTEMS PVT LTD,0,0,1,2,1,0,3,0,0,0,7,0.000203372
LMV,S J TRAILORS,0,0,7,0,0,0,0,0,0,0,7,0.000203372
3W,MILLENNIAL MOTORS LLP,0,0,0,0,0,0,0,0,7,10,7,0.000203372
2W,MAHINDRA & MAHINDRA LIMITED,4,1,0,1,0,0,0,0,0,0,6,0.000174319
3W,AL-ZAHOOR  CO,0,6,0,0,0,0,0,0,0,0,6,0.000174319
3W,RASANDIK ENGINEERING,0,0,6,0,0,0,0,0,0,0,6,0.000174319
3W,SHUBHAM MANUFACTURER,0,0,0,0,0,0,0,0,6,13,6,0.000174319
3W,AXCEED INDUSTRIES (OPC) PVT LTD,0,0,0,0,6,0,0,0,0,0,6,0.000174319
3W,AGRAWAL RENEWABLE ENERGY PVT LTD,0,0,0,0,2,2,1,1,0,2,6,0.000174319
3W,WELCOME E RICKSHAW,0,1,2,1,0,0,2,0,0,0,6,0.000174319
3W,SUPROVA ENTERPRISE,0,0,0,0,0,2,0,0,4,3,6,0.000174319
LMV,UNIQUE INTERNATIONAL,0,0,0,0,0,0,0,3,3,0,6,0.000174319
3W,J.S.AUTO PVT LTD (KANPUR),0,0,2,3,1,0,0,0,0,0,6,0.000174319
LMV,JOHN DEERE INDIA  PVT LTD(TRACTOR DEVISION),0,1,3,2,0,0,0,0,0,0,6,0.000174319
3W,SUNKU AUTO LTD,0,0,6,0,0,0,0,0,0,0,6,0.000174319
LMV,VE COMMERCIAL VEHICLES LTD,0,0,0,0,0,0,0,0,6,27,6,0.000174319
3W,CHEVROLET SALES INDIA PVT LTD,0,6,0,0,0,0,0,0,0,0,6,0.000174319
3W,ASHLESHA POWER CONTROLS PVT LTD,0,0,0,0,0,0,0,0,6,2,6,0.000174319
LMV,REEP INDUSTRIES PVT LTD,0,0,0,0,2,0,0,1,3,0,6,0.000174319
LMV,ESCORTS CONSTRUCTION EQUIPMENT LTD,0,4,0,2,0,0,0,0,0,0,6,0.000174319
3W,VARIOUS INNOVATIVE SYSTEMS HYBRID NANO UTILITIES,0,0,0,1,4,1,0,0,0,0,6,0.000174319
3W,SUN MOTORS PVT LTD,0,0,6,0,0,0,0,0,0,0,6,0.000174319
3W,GREEN WAY ECO RIDE,0,0,1,0,0,1,1,0,3,1,6,0.000174319
2W,HOMFEEL VEGH AUTOMOBILES PVT LTD,0,0,0,0,0,0,0,0,6,4,6,0.000174319
3W,VITAN JAGADA AUTOMOBILE PVT LTD,0,0,0,0,0,0,0,2,3,2,5,0.000145266
2W,H.M.S.I. PVT. LTD.,0,3,2,0,0,0,0,0,0,0,5,0.000145266
LMV,VOLTAS LIMITED,0,2,2,0,0,1,0,0,0,0,5,0.000145266
MMV,ALL TERRAIN CRANE,0,0,0,0,0,0,0,0,5,20,5,0.000145266
3W,EDDY CURRENT CONTROLS (I) LTD,0,1,4,0,0,0,0,0,0,0,5,0.000145266
2W,E ROYCE MOTORS INDIA PVT LTD,0,0,0,0,0,0,0,0,5,0,5,0.000145266
LMV,SHRI GANAPATHY ENGG. WORKS,2,1,1,1,0,0,0,0,0,0,5,0.000145266
3W,API MOTORS PVT LTD,0,0,5,0,0,0,0,0,0,0,5,0.000145266
3W,ASIA BODY BUILDERS & MANUFACTURERS,0,0,0,5,0,0,0,0,0,0,5,0.000145266
3W,M/S SRISHTI AUTOMOBILES,0,0,3,0,0,0,0,2,0,0,5,0.000145266
3W,GEMAG CONSTRUCTION MACHINARY,1,1,3,0,0,0,0,0,0,0,5,0.000145266
3W,JSS ENGINEERING COMPANY,0,0,0,0,5,0,0,0,0,0,5,0.000145266
3W,ANJALI ENTERPRISES,0,0,2,3,0,0,0,0,0,0,5,0.000145266
3W,VENUS AUTO INDUSTRIES ????????,0,2,3,0,0,0,0,0,0,0,5,0.000145266
3W,DUCATI MOTOR HOLDING S.P.A,0,0,4,1,0,0,0,0,0,0,5,0.000145266
3W,M K BROTHERS,0,0,0,0,1,2,0,0,2,12,5,0.000145266
LMV,ETRIO AUTOMOBILES PVT LTD,0,0,0,0,0,0,0,1,4,0,5,0.000145266
LMV,"HYUNDAI MOTORS LTD, SOUTH KOREA",0,0,0,0,0,0,0,5,0,1,5,0.000145266
3W,CATERPILLAR INDIA PRIVATE LIMITED,0,0,5,0,0,0,0,0,0,0,5,0.000145266
LMV,LOHIA AUTO INDUSTRIES,0,0,0,5,0,0,0,0,0,0,5,0.000145266
LMV,SAERA ELECTRIC AUTO PVT LTD,0,0,1,2,0,1,0,0,1,0,5,0.000145266
LMV,RENAULT INDIA PVT LTD,2,1,0,0,0,0,0,0,2,0,5,0.000145266
2W,KAINING (HONGKONG) (IMPORTER: TOXMO ELECTRIC),0,0,0,0,0,0,0,0,5,2,5,0.000145266
LMV,ANBU TRAILERS,1,3,0,1,0,0,0,0,0,0,5,0.000145266
LMV,MINI METRO EV L.L.P,0,0,0,1,0,2,0,1,1,0,5,0.000145266
2W,BAILI MOTOR (IMPORTER:A B MOTOSS EV PVT LTD),0,0,0,0,0,0,0,0,4,3,4,0.000116213
LMV,TOYOTA MATERIAL HANDLING INDIA PVT LTD,0,0,0,0,1,0,3,0,0,0,4,0.000116213
LMV,SHIV TRAILOR INDUSTRIES,0,2,2,0,0,0,0,0,0,0,4,0.000116213
3W,VAUXHALL MOTORS LTD,0,1,3,0,0,0,0,0,0,0,4,0.000116213
3W,RAMA INDUSTRIES,0,0,0,0,0,0,0,0,4,18,4,0.000116213
3W,RAM JANKI ENG. WORK,0,0,4,0,0,0,0,0,0,0,4,0.000116213
3W,ROANSOME MOTORS,0,0,0,0,0,0,0,0,4,65,4,0.000116213
LMV,LECTRIX EV PVT LTD,0,0,0,0,0,0,0,0,4,1,4,0.000116213
2W,WUXI MAYA (IMPORTER: DYNAMO ELECTRIC P. LTD.),0,0,0,0,0,0,0,0,4,63,4,0.000116213
3W,V.T.ENGINEERING,0,0,3,1,0,0,0,0,0,0,4,0.000116213
3W,KELVINATOR INDIA LTD ?????????,0,0,3,1,0,0,0,0,0,0,4,0.000116213
3W,DASHMESH MECH WORKS PVT LTD,0,1,3,0,0,0,0,0,0,0,4,0.000116213
LMV,ARROW AUTOMOTIVE,0,0,0,0,0,0,1,3,0,0,4,0.000116213
3W,ACTION CONSTRUCTION EQUIPMENT LTD.,0,0,4,0,0,0,0,0,0,0,4,0.000116213
3W,KUMAR MOTORS PVT LTD,0,1,3,0,0,0,0,0,0,0,4,0.000116213
3W,SMITH MOTORS PVT LTD,0,0,0,0,0,0,0,0,4,0,4,0.000116213
LMV,SML ISUZU LTD,0,4,0,0,0,0,0,0,0,0,4,0.000116213
3W,GREENFIT INDUSTRIES LLP,0,0,0,0,0,0,0,0,4,168,4,0.000116213
LMV,JITENDRA NEW EV-TECH PVT. LTD,0,0,0,3,1,0,0,0,0,0,4,0.000116213
LMV,HONDA CARS INDIA LTD,2,1,0,1,0,0,0,0,0,0,4,0.000116213
LMV,SHRI VAIRAMUTHU TRAILERS,0,2,2,0,0,0,0,0,0,0,4,0.000116213
3W,GILL AGRICULTURE WORKS,0,0,0,4,0,0,0,0,0,0,4,0.000116213
2W,WUXI SAIGE (IMPORTER: ZELIO AUTO PVT.LTD.),0,0,0,0,0,0,0,0,4,22,4,0.000116213
3W,OKINAWA AUTOTECH PVT LTD,0,0,0,0,0,3,0,0,1,0,4,0.000116213
2W,GENERAL MOTORS INDIA PVT LTD,3,1,0,0,0,0,0,0,0,0,4,0.000116213
MMV,OTHERS,0,1,0,2,0,0,0,0,1,1,4,0.000116213
2W,HAYASA E-MOBILITY (INDIA) PVT LTD,0,0,0,0,0,0,0,0,4,0,4,0.000116213
2W,YANGGUANG LINGMU (IMPORTER: ECOINDIA),0,0,0,0,0,0,0,0,4,1,4,0.000116213
3W,H-D MOTOR COMPANY INDIA PVT LTD,0,0,4,0,0,0,0,0,0,0,4,0.000116213
3W,LAUNCHER MATERIAL HANDLING INDUSTRIES,0,0,0,2,2,0,0,0,0,0,4,0.000116213
LMV,3S INDUSTRIES PRIVATE LIMITED,0,0,0,0,3,1,0,0,0,0,4,0.000116213
LMV,ADITYA SAI INDUSTRIES,0,0,2,2,0,0,0,0,0,0,4,0.000116213
3W,CENTURY MOTORS PVT LTD,0,2,2,0,0,0,0,0,0,0,4,0.000116213
3W,NBC ENGINEERING PVT LTD,0,0,0,0,0,0,0,4,0,0,4,0.000116213
3W,GRINDIA G MOTORS PVT LTD,0,0,0,0,0,0,0,0,3,2,3,8.72E-05
3W,JEMCO ENGINEERING PVT LTD,0,0,0,3,0,0,0,0,0,0,3,8.72E-05
3W,UNIVERSAL LTD,0,0,0,3,0,0,0,0,0,0,3,8.72E-05
2W,EMOBI MANUFACTURY PRIVATE LIMITED,0,0,0,0,0,0,3,0,0,0,3,8.72E-05
LMV,SKS TRADE INDIA PVT LTD,0,0,0,0,3,0,0,0,0,1,3,8.72E-05
LMV,LMV LTD,2,0,1,0,0,0,0,0,0,0,3,8.72E-05
LMV,A R T WELDING WORKS,0,1,0,2,0,0,0,0,0,0,3,8.72E-05
3W,D S R AUTOMOTIVES (INDIA) PVT LTD,0,0,3,0,0,0,0,0,0,0,3,8.72E-05
3W,A D AGRO WORKS,0,0,2,1,0,0,0,0,0,0,3,8.72E-05
LMV,U.P. TELELINKS LIMITED,0,0,0,0,0,0,0,1,2,0,3,8.72E-05
3W,STANDARD CORPORATION INDIA LTD,0,0,3,0,0,0,0,0,0,0,3,8.72E-05
2W,CHONGQING YU AN GROUP,0,3,0,0,0,0,0,0,0,0,3,8.72E-05
3W,SAME DEUTZ - FAHR INDIA (P) LTD.,0,1,2,0,0,0,0,0,0,0,3,8.72E-05
3W,DSR EV MOBILITY PVT LTD,0,0,0,0,0,0,0,0,3,27,3,8.72E-05
LMV,MACNEILL ENGINEERING LIMITED,0,0,0,0,0,0,0,1,2,0,3,8.72E-05
2W,M/S VISHNU CLEAN ENERGY VEHICLES LLP,0,0,0,0,0,0,0,3,0,0,3,8.72E-05
2W,SEEKA E MOTORS PVT LTD,0,0,0,0,0,0,0,0,3,12,3,8.72E-05
LMV,SHRI BARSANA E-VEHICLES PVT LTD,0,0,0,0,0,0,0,1,2,0,3,8.72E-05
3W,S E ASIA CO,0,0,0,1,2,0,0,0,0,0,3,8.72E-05
LMV,SHRI SAKTHI VINAYAKA TRAILERS,0,0,3,0,0,0,0,0,0,0,3,8.72E-05
3W,MOTOR & GENERAL SALES LTD.,0,0,3,0,0,0,0,0,0,0,3,8.72E-05
LMV,VOLKSWAGEN INDIA PVT LTD,0,2,1,0,0,0,0,0,0,0,3,8.72E-05
3W,VOLKSWAGEN INDIA PVT LTD,1,1,1,0,0,0,0,0,0,0,3,8.72E-05
3W,M/S TRISHIKA INDUSTRIES,0,0,0,0,0,0,3,0,0,0,3,8.72E-05
LMV,PONMALAR TRAILERS,1,0,2,0,0,0,0,0,0,0,3,8.72E-05
MMV,PMI ELECTRO MOBILITY SOLUTIONS PRIVATE LIMITED,0,0,0,0,0,2,1,0,0,5,3,8.72E-05
LMV,KARUMALAIAN AGRO INDUSTRY ????,3,0,0,0,0,0,0,0,0,0,3,8.72E-05
3W,MAHINDRA NISSAN ALLWYN LTD.,0,3,0,0,0,0,0,0,0,0,3,8.72E-05
LMV,MAHINDRA RENAULT PVT.LTD.,2,0,0,1,0,0,0,0,0,0,3,8.72E-05
LMV,EICHER MOTORS LTD,0,3,0,0,0,0,0,0,0,0,3,8.72E-05
3W,CARREE YUNUS VEHICLE PVT LTD,0,0,0,0,0,0,0,0,3,22,3,8.72E-05
LMV,SURYA TRAILORS AND TANKERS,1,2,0,0,0,0,0,0,0,0,3,8.72E-05
LMV,RATHNA ENGINEERING COMPANY,2,1,0,0,0,0,0,0,0,0,3,8.72E-05
2W,DSK MOTOWHEELS PVT LTD.,1,2,0,0,0,0,0,0,0,0,3,8.72E-05
LMV,MAHALINGA ENGG. INDUSTRIES ?,3,0,0,0,0,0,0,0,0,0,3,8.72E-05
LMV,KISAN AGRO INDUSTRIES,2,1,0,0,0,0,0,0,0,0,3,8.72E-05
3W,ATLAS COPCO INDIA LTD,0,0,0,2,0,0,0,0,0,0,2,5.81E-05
LMV,M.G.P ENGINEERING WORKS,0,2,0,0,0,0,0,0,0,0,2,5.81E-05
LMV,JUNGHEINRICH AG AND CO,0,0,2,0,0,0,0,0,0,0,2,5.81E-05
3W,ECOYAN ELECTRIC MOTORS VEHICLE PVT LTD,0,0,0,0,2,0,0,0,0,0,2,5.81E-05
LMV,SHRI DEVIKA TRAILERS,1,1,0,0,0,0,0,0,0,0,2,5.81E-05
2W,DURGA FILTERS PVT LTD,0,0,0,0,0,0,0,0,2,0,2,5.81E-05
LMV,MAHINDRA TWO WHEELERS LTD,0,0,2,0,0,0,0,0,0,0,2,5.81E-05
LMV,CHATELEC VEHICLES INDIA LTD,0,0,1,1,0,0,0,0,0,0,2,5.81E-05
LMV,CNH INDUSTRIAL (INDIA) PVT LTD,0,1,1,0,0,0,0,0,0,0,2,5.81E-05
LMV,CONTINENTAL ENGINES PVT LTD,0,0,0,0,0,0,0,2,0,0,2,5.81E-05
3W,SUN SHINE ENGINEERING WORKS,0,1,1,0,0,0,0,0,0,0,2,5.81E-05
3W,DAEWOO MOTORS INDIA LTD,0,0,2,0,0,0,0,0,0,0,2,5.81E-05
LMV,DAIMLER AG,0,0,0,0,0,2,0,0,0,0,2,5.81E-05
3W,DAIMLER INDIA COMMERCIAL VEHICLES PVT. LTD,0,1,1,0,0,0,0,0,0,0,2,5.81E-05
3W,MACNEILL ENGG LTD,0,0,2,0,0,0,0,0,0,0,2,5.81E-05
3W,SMARTOMATIC VEHICLES PRIVATE LIMITED,0,0,0,0,0,0,0,0,2,0,2,5.81E-05
3W,SUPER POWER MOTORS,0,0,0,0,0,0,0,0,2,107,2,5.81E-05
LMV,CHAMPION POLY PLAST,0,0,0,0,0,0,2,0,0,0,2,5.81E-05
3W,CASE EQUIPMENT PRIVATE LTD,0,1,1,0,0,0,0,0,0,0,2,5.81E-05
LMV,SIDHI DURGA ENGINEERING,0,0,0,2,0,0,0,0,0,0,2,5.81E-05
LMV,SHRI VENKATESHWARA TRAILOR,1,0,0,1,0,0,0,0,0,0,2,5.81E-05
LMV,MAHINDRA & MAHINDRA LIMITED (SWARAJ DIVISION),0,1,0,1,0,0,0,0,0,0,2,5.81E-05
3W,DILIP CHHABRIA DESIGN PVT LTD,0,1,0,0,0,1,0,0,0,0,2,5.81E-05
LMV,SHRI MODERN TRAILERS,0,0,2,0,0,0,0,0,0,0,2,5.81E-05
LMV,TAFE LIMITED,0,1,0,1,0,0,0,0,0,0,2,5.81E-05
LMV,SHRI KUMAR TRAILERS EQUIPMENTS,0,0,2,0,0,0,0,0,0,0,2,5.81E-05
2W,TATA MOTORS LTD,0,2,0,0,0,0,0,0,0,0,2,5.81E-05
3W,SHRI CHINNAMMAN ENGG. WORKS ???,0,1,1,0,0,0,0,0,0,0,2,5.81E-05
2W,DILLI ELECTRIC AUTO PVT LTD,0,0,0,0,0,0,0,2,0,0,2,5.81E-05
2W,JIANGSU DALONG (IMPORTER: RILOX EV PVT LTD),0,0,0,0,0,0,0,0,2,0,2,5.81E-05
LMV,SHRI ANGAMMAL ENGINEERING WORKS,0,0,2,0,0,0,0,0,0,0,2,5.81E-05
3W,BHARAT MANUFACTURING & ASSEMBLING E RIKSHA,0,0,0,0,0,0,0,0,2,0,2,5.81E-05
LMV,SAKTHI VINAYAKA ENGINEERING WORKS,0,0,2,0,0,0,0,0,0,0,2,5.81E-05
3W,SSV TECHNOLOGIES,0,0,0,0,0,0,0,2,0,1,2,5.81E-05
LMV,AHITESHAM AGRO ENGINEERING,0,0,2,0,0,0,0,0,0,0,2,5.81E-05
2W,ENIGMA AUTOMOBILES PVT LTD,0,0,0,0,0,0,0,0,2,13,2,5.81E-05
LMV,AMMAN ENGINEERING COMPANY,1,0,0,1,0,0,0,0,0,0,2,5.81E-05
LMV,HOUSTAN INNOVATION LLP,0,0,0,0,0,0,0,2,0,0,2,5.81E-05
2W,WUXI TENGHUI (IMPORTER: RADHA MOBILITIES LLP),0,0,0,0,0,0,0,0,2,7,2,5.81E-05
3W,HITEK ELECTRIC AUTO CO.,0,0,2,0,0,0,0,0,0,0,2,5.81E-05
2W,YOUYAKU ELECTRIC (IMPORTER: TVISI ELECTRIC),0,0,0,0,0,0,0,0,2,11,2,5.81E-05
3W,YEZDI MOTORS LTD,0,0,2,0,0,0,0,0,0,0,2,5.81E-05
LMV,QUANTUM ENERGY LTD.,0,0,0,0,0,0,0,0,2,0,2,5.81E-05
LMV,HONDA MOTORCYCLE AND SCOOTER INDIA (P) LTD,0,2,0,0,0,0,0,0,0,0,2,5.81E-05
LMV,VICTOR AGRO INDUSTRIES,2,0,0,0,0,0,0,0,0,0,2,5.81E-05
3W,EXPO MACHINERY LTD,0,1,0,1,0,0,0,0,0,0,2,5.81E-05
3W,J S AGRO INDUSTRIES,0,0,0,1,1,0,0,0,0,0,2,5.81E-05
LMV,KRISHNA ENGINEERING WORKS,0,0,0,2,0,0,0,0,0,0,2,5.81E-05
3W,KAYAMEL MACHINE PRIVATE LTD,0,0,2,0,0,0,0,0,0,0,2,5.81E-05
LMV,GREAT AUTOMOTIVE LIMITED,0,2,0,0,0,0,0,0,0,0,2,5.81E-05
LMV,FORD INDIA PVT LTD,1,0,0,1,0,0,0,0,0,0,2,5.81E-05
2W,HSU DRAGON (IMPORTER: DARK FIGHT POWER PVT LTD),0,0,0,0,0,0,0,0,2,1,2,5.81E-05
3W,REPUBLIC PVT.LTD.,0,0,1,1,0,0,0,0,0,0,2,5.81E-05
LMV,ARASAN AND CO.,0,1,1,0,0,0,0,0,0,0,2,5.81E-05
3W,HARSHVIE INDUSTRIES PVT LTD,0,0,0,0,0,0,0,0,2,4,2,5.81E-05
LMV,MSI INDUSTRIES,2,0,0,0,0,0,0,0,0,0,2,5.81E-05
2W,WUXI SAIGE (IMPORTER: NGAGE IMPEX),0,0,0,0,0,0,0,0,2,11,2,5.81E-05
2W,MICROAUTOTECH PVT. LTD.,0,0,0,0,0,0,0,0,2,2,2,5.81E-05
3W,SAATHI TRADING CO,0,0,2,0,0,0,0,0,0,0,2,5.81E-05
3W,3GB TECHNOLOGY PVT LTD,0,1,1,0,0,0,0,0,0,0,2,5.81E-05
3W,OCULUS AUTO INDUSTRIES LLP,0,0,0,0,0,0,0,0,2,3,2,5.81E-05
3W,PRIMA PVT LTD,0,0,0,0,2,0,0,0,0,0,2,5.81E-05
MMV,KION INDIA PVT LTD,0,2,0,0,0,0,0,0,0,0,2,5.81E-05
LMV,"S M TRACTOR TRALERS, SHAHAPUR",0,0,2,0,0,0,0,0,0,0,2,5.81E-05
2W,OKA MOTOR COMPANY LTD.,0,0,0,2,0,0,0,0,0,0,2,5.81E-05
3W,ELGI EQUIPMENTS LTD ??????????,0,0,2,0,0,0,0,0,0,0,2,5.81E-05
LMV,OKINAWA AUTOTECH PVT LTD,0,0,0,1,1,0,0,0,0,0,2,5.81E-05
3W,PARAG AGRO,0,0,2,0,0,0,0,0,0,0,2,5.81E-05
3W,L & T CASE EQUIPMENT PVT LTD,0,0,1,0,0,0,0,0,0,0,1,2.91E-05
3W,"M/S SUBHAM ENGINEERING WORKSHOP, BALIAPAL, BALASORE",0,0,1,0,0,0,0,0,0,0,1,2.91E-05
3W,KARTAR AGRO INDUSTRIES PVT LTD,0,0,1,0,0,0,0,0,0,0,1,2.91E-05
2W,M/S UNITY MOTOR BODY,0,0,0,0,0,1,0,0,0,0,1,2.91E-05
MMV,KARUMALAIAN AGRO INDUSTRY ????,1,0,0,0,0,0,0,0,0,0,1,2.91E-05
3W,SUZUKI MOTORCYCLE INDIA PVT LTD,0,0,1,0,0,0,0,0,0,0,1,2.91E-05
2W,ACTION CONSTRUCTION EQUIPMENT LTD.,0,1,0,0,0,0,0,0,0,0,1,2.91E-05
2W,WUXI SHENGBAO (IMPORTER:ELECTRIC ONE ENERGY),0,0,0,0,0,0,0,0,1,45,1,2.91E-05
LMV,KUKU AUTOMOTIVES,0,0,0,0,0,0,0,0,1,0,1,2.91E-05
LMV,KUBOTA AGRICULTURAL MACHINERY INDIA PVT.LTD.,1,0,0,0,0,0,0,0,0,0,1,2.91E-05
LMV,ABIRAMI ENGINEERING WORKS,0,0,1,0,0,0,0,0,0,0,1,2.91E-05
LMV,KETO MOTORS PVT LTD,0,0,0,0,0,0,1,0,0,0,1,2.91E-05
3W,ABHAVIS TECHNOLOGY (I) PVT LTD,0,0,1,0,0,0,0,0,0,0,1,2.91E-05
3W,AASHI INDIA AUTOMOBILES PVT LTD,0,0,0,0,1,0,0,0,0,0,1,2.91E-05
2W,MAC INTERNATIONAL (IMPORTER: JHEV MOTORS PVT LTD),0,0,0,0,0,0,0,0,1,27,1,2.91E-05
2W,3GB TECHNOLOGY PVT LTD,0,0,0,1,0,0,0,0,0,0,1,2.91E-05
LMV,MAC AUTO INDIA,0,0,0,1,0,0,0,0,0,0,1,2.91E-05
3W,CHATELEC VEHICLES INDIA LTD,0,0,1,0,0,0,0,0,0,0,1,2.91E-05
3W,A B EXCAVATORS & EARTHMOVER LTD,0,1,0,0,0,0,0,0,0,0,1,2.91E-05
LMV,ZENIAK INNOVATION INDIA LTD,0,0,0,0,0,0,0,1,0,0,1,2.91E-05
3W,KHAN ENGINEERING WORKS,0,0,1,0,0,0,0,0,0,0,1,2.91E-05
LMV,MAA SHAKTI EXIM PVT LTD,0,0,0,1,0,0,0,0,0,0,1,2.91E-05
LMV,KGN INDUSTRIES,0,0,0,1,0,0,0,0,0,0,1,2.91E-05
3W,A. K. AUTTO ELECTRICAL,0,0,0,0,0,1,0,0,0,0,1,2.91E-05
LMV,YUVRAJ INTERNATIONAL,0,0,0,1,0,0,0,0,0,0,1,2.91E-05
3W,KRISHI ENGINEERING WORKS,0,0,0,1,0,0,0,0,0,0,1,2.91E-05
LMV,AADHYA ENTERPRISES,0,0,0,0,0,1,0,0,0,0,1,2.91E-05
3W,SUNLECTRA AUTO,0,0,0,0,0,0,1,0,0,0,1,2.91E-05
3W,KARTAR AGRO ENGINEERS PVT LTD,0,0,0,1,0,0,0,0,0,0,1,2.91E-05
LMV,AADITYA GARBAGE PRODUCTS PVT LTD,0,0,0,0,1,0,0,0,0,0,1,2.91E-05
2W,KRT MOTORS PVT LTD,1,0,0,0,0,0,0,0,0,0,1,2.91E-05
LMV,SWITCH MOBILITY AUTOMOTIVE LTD,0,0,0,0,0,0,0,1,0,84,1,2.91E-05
LMV,JUNO CASTINGS PVT LTD,0,0,0,1,0,0,0,0,0,0,1,2.91E-05
LMV,CAPARO AUTOTECH LIMITED,0,0,1,0,0,0,0,0,0,0,1,2.91E-05
LMV,LOCAL TRAILER MANUFACTURER,0,0,0,0,0,0,1,0,0,0,1,2.91E-05
3W,"BASUDEB ENGINEERING, CUTTACK",0,0,0,0,1,0,0,0,0,0,1,2.91E-05
3W,VIBGYOR  VEHICLES LIMITED,0,0,1,0,0,0,0,0,0,0,1,2.91E-05
LMV,BALAMURUGAN ENGINEERING WORKS,1,0,0,0,0,0,0,0,0,0,1,2.91E-05
LMV,ANJALI TRADERS,0,0,0,1,0,0,0,0,0,0,1,2.91E-05
MMV,LIUGONG INDIA PVT. LTD,0,0,0,1,0,0,0,0,0,0,1,2.91E-05
MMV,VEERA VAHANA UDYOG PRIVATE LIMITED,0,0,0,0,0,0,0,0,1,8,1,2.91E-05
LMV,BAL GOPAL WHEELS PVT LTD,0,0,0,0,1,0,0,0,0,0,1,2.91E-05
3W,BAJAJ TEMPO LIMITED,0,0,0,0,0,0,1,0,0,0,1,2.91E-05
3W,TOYOTA KIRLOSKAR MOTOR PVT LTD,0,0,0,1,0,0,0,0,0,0,1,2.91E-05
LMV,VEANCO AUTOMOTIVES PVT LTD,0,0,0,0,0,0,1,0,0,0,1,2.91E-05
3W,BAFNA AUTO CARS I PVT.LTD.,0,0,1,0,0,0,0,0,0,0,1,2.91E-05
3W,AGRASEN ENGINEERING WORKS,0,1,0,0,0,0,0,0,0,0,1,2.91E-05
LMV,ARBUDA TRAILER,1,0,0,0,0,0,0,0,0,0,1,2.91E-05
LMV,ARD EXIM,0,0,0,0,0,0,0,1,0,0,1,2.91E-05
LMV,AVON CYCLES LTD,0,0,0,0,0,1,0,0,0,0,1,2.91E-05
3W,ARIHANT ENTERPRISE,0,0,1,0,0,0,0,0,0,0,1,2.91E-05
LMV,AVL ELECTRIC VEHICLES PVT LTD,0,0,0,0,1,0,0,0,0,0,1,2.91E-05
3W,AUTOCROLA INDIA LTD,0,0,0,1,0,0,0,0,0,0,1,2.91E-05
LMV,M G INDUSTRIES,0,0,0,0,1,0,0,0,0,0,1,2.91E-05
3W,UNITED AUTO TRACTORS LTD ?????,0,1,0,0,0,0,0,0,0,0,1,2.91E-05
2W,K M MOTORS,0,0,0,0,1,0,0,0,0,0,1,2.91E-05
3W,ASHOK LEYLAND LTD,0,0,1,0,0,0,0,0,0,0,1,2.91E-05
2W,ANCHI MOTORCYCLE (IMPORTER:HINDUSTAN EV MOTORS),0,0,0,0,0,0,0,0,1,0,1,2.91E-05
LMV,THE COMMERCIAL MOTORS LIMITED,0,0,0,0,1,0,0,0,0,0,1,2.91E-05
3W,BENGAL MOTORS,0,0,0,1,0,0,0,0,0,0,1,2.91E-05
3W,VIJAYALAKSHIMI ENGG WORKS,0,0,1,0,0,0,0,0,0,0,1,2.91E-05
3W,TAFE LIMITED,0,0,1,0,0,0,0,0,0,0,1,2.91E-05
MMV,WIRTGEN INDIA PVT LTD,1,0,0,0,0,0,0,0,0,0,1,2.91E-05
3W,TAMILNADU MOPEDS LTD,0,0,0,1,0,0,0,0,0,0,1,2.91E-05
3W,AGRO INDUSTRIES,0,0,1,0,0,0,0,0,0,0,1,2.91E-05
LMV,ASHOK LEYLAND LTD,0,1,0,0,0,0,0,0,0,0,1,2.91E-05
2W,WARIVO MOTOR INDIA PVT LTD,0,0,0,0,0,0,0,0,1,23,1,2.91E-05
2W,AJAY ENGINEERING AND AGRICULTURAL EQUIPMENT CO.,0,0,0,0,0,0,1,0,0,0,1,2.91E-05
3W,AKASH AGRO INDUSTRIES,0,0,0,0,1,0,0,0,0,0,1,2.91E-05
LMV,AKASH TRAILOR,0,0,0,1,0,0,0,0,0,0,1,2.91E-05
3W,AKSMD RECHARGEABLE VEHICLES PVT LTD,0,0,0,0,1,0,0,0,0,0,1,2.91E-05
LMV,LAWAT MOTORS LLP,0,0,0,0,1,0,0,0,0,0,1,2.91E-05
3W,TATA MOTORS LTD,0,0,1,0,0,0,0,0,0,1,1,2.91E-05
2W,BSA MOTORS,1,0,0,0,0,0,0,0,0,0,1,2.91E-05
LMV,VISHWAS TRAILER WELD WORK,0,0,1,0,0,0,0,0,0,0,1,2.91E-05
LMV,ALTIER ELECTRIC VEHICLES PVT LTD,0,0,0,0,0,0,0,0,1,0,1,2.91E-05
3W,AMAR COACH BUILDERS,0,0,1,0,0,0,0,0,0,0,1,2.91E-05
LMV,TELSA INC,0,0,0,0,0,0,1,0,0,0,1,2.91E-05
LMV,M.K. ENTERPRISES,0,0,0,0,0,0,1,0,0,0,1,2.91E-05
3W,AMW MOTORS LIMITED,0,0,1,0,0,0,0,0,0,0,1,2.91E-05
2W,BENTLEY MOTORS LIMITED,0,1,0,0,0,0,0,0,0,0,1,2.91E-05
LMV,TERRA MOTORS INDIA PVT LTD,0,0,0,0,1,0,0,0,0,0,1,2.91E-05
2W,LOHIA AUTO INDUSTRIES,0,0,1,0,0,0,0,0,0,0,1,2.91E-05
3W,HIND AGRO INDUSTRIES,0,0,0,1,0,0,0,0,0,0,1,2.91E-05
LMV,REPUBLIC MOTORS,0,0,0,0,0,0,1,0,0,0,1,2.91E-05
3W,MG MOTOR INDIA PVT LTD,0,0,1,0,0,0,0,0,0,0,1,2.91E-05
2W,ISUZU MOTOR INDIA PVT LTD,1,0,0,0,0,0,0,0,0,0,1,2.91E-05
LMV,FORCE MOTORS LIMITED,0,1,0,0,0,0,0,0,0,0,1,2.91E-05
3W,FORD INDIA PVT LTD,0,0,0,1,0,0,0,0,0,0,1,2.91E-05
3W,RAJKAMAL MOTORS LTD,0,0,1,0,0,0,0,0,0,0,1,2.91E-05
LMV,RAJESH STEEL AND WIRE INDUSTRIES,0,0,0,1,0,0,0,0,0,0,1,2.91E-05
3W,RAJA ARTS HITECH ENGINEERING,0,0,0,0,0,0,0,0,1,0,1,2.91E-05
2W,RAJ AUTOMOTIVE,0,0,0,0,1,0,0,0,0,0,1,2.91E-05
LMV,G & G AUTOMOTIVE,0,0,0,1,0,0,0,0,0,0,1,2.91E-05
3W,RAAJ AUTOMOTIVE,0,0,1,0,0,0,0,0,0,0,1,2.91E-05
LMV,G.K. RICKSHAW,0,0,1,0,0,0,0,0,0,0,1,2.91E-05
LMV,R.N.A.I.P.LTD,1,0,0,0,0,0,0,0,0,0,1,2.91E-05
LMV,GAIA INTERNATIONAL (IMPORTER: NEW ENERGY WAGON),0,0,0,0,0,0,0,0,1,0,1,2.91E-05
3W,INTERNATIONAL CARS & MOTORS LTD,0,0,1,0,0,0,0,0,0,0,1,2.91E-05
LMV,GANAPATI AGRO INDUSTRIES,1,0,0,0,0,0,0,0,0,0,1,2.91E-05
3W,PUSHKAR INDUSTRIES,0,0,1,0,0,0,0,0,0,0,1,2.91E-05
LMV,MOTOR & GENERAL SALES PVT LTD,0,0,0,0,1,0,0,0,0,0,1,2.91E-05
LMV,PUNJAB TRACTORS LIMITED,0,1,0,0,0,0,0,0,0,0,1,2.91E-05
2W,INTERNATIONAL CARS & MOTORS LTD,0,0,1,0,0,0,0,0,0,0,1,2.91E-05
3W,PREMIER LTD,0,0,1,0,0,0,0,0,0,0,1,2.91E-05
3W,MITHU BAJRANG ENG.WORKS,0,0,1,0,0,0,0,0,0,0,1,2.91E-05
3W,EVERVE MOTORS PVT LTD,0,0,0,0,0,0,0,0,1,0,1,2.91E-05
2W,RENAULT INDIA PVT LTD,0,0,1,0,0,0,0,0,0,0,1,2.91E-05
3W,RUDRA AUTO INDUSTRIES,0,0,1,0,0,0,0,0,0,0,1,2.91E-05
3W,SAHKAR AGRO IND,0,0,1,0,0,0,0,0,0,0,1,2.91E-05
3W,SAGAS AUTOTIC PVT LTD,0,0,1,0,0,0,0,0,0,0,1,2.91E-05
LMV,SAGAR AGRO INDUSTRIES,1,0,0,0,0,0,0,0,0,0,1,2.91E-05
MMV,SAERA ELECTRIC AUTO PVT LTD,0,0,0,0,0,0,0,0,1,0,1,2.91E-05
3W,ELECTROTECH TRANSMISSION PVT LTD,0,0,0,0,0,0,0,0,1,0,1,2.91E-05
3W,S.M. LTD.,0,0,1,0,0,0,0,0,0,0,1,2.91E-05
LMV,JAIDKA POWER SYSTEMS PVT LTD,0,0,0,0,0,0,0,1,0,0,1,2.91E-05
LMV,ELECTROTHERM (INDIA) LIMITED,0,0,0,1,0,0,0,0,0,0,1,2.91E-05
LMV,JAI BHAVANI ENGINEERING  WORKS,0,0,0,0,0,0,0,1,0,0,1,2.91E-05
LMV,JAI AMBE FABRICATION & ENGINEERING WORK,1,0,0,0,0,0,0,0,0,0,1,2.91E-05
LMV,ROYAL-ENFIELD (UNIT OF EICHER LTD),1,0,0,0,0,0,0,0,0,0,1,2.91E-05
3W,ROYAL-ENFIELD (UNIT OF EICHER LTD),0,0,1,0,0,0,0,0,0,0,1,2.91E-05
LMV,ERISHA E MOBILITY PVT LTD,0,0,0,0,0,0,0,0,1,1,1,2.91E-05
LMV,ROLLS ROYCE MOTOR (IMPORTER: KUN MOTOR),0,0,0,0,0,0,0,0,1,3,1,2.91E-05
3W,ESCORT JCB LTD,0,1,0,0,0,0,0,0,0,0,1,2.91E-05
3W,ESCORTS KUBOTA LIMITED (AGRI MACHINERY GROUP),0,1,0,0,0,0,0,0,0,0,1,2.91E-05
3W,ETHIRAJ AUTO UDYOG PVT LTD ???,0,0,0,1,0,0,0,0,0,0,1,2.91E-05
2W,MINI METRO EV L.L.P,0,0,0,0,0,0,0,1,0,0,1,2.91E-05
3W,GENERAL MOTORS INDIA PVT LTD,0,0,1,0,0,0,0,0,0,0,1,2.91E-05
LMV,MUTHUR AGRO ENGINEERING WORKS,1,0,0,0,0,0,0,0,0,0,1,2.91E-05
3W,PRAJAPATI ENG. WORKS,0,0,1,0,0,0,0,0,0,0,1,2.91E-05
3W,GURUKRAPA ENGINEERING WORKS,0,0,1,0,0,0,0,0,0,0,1,2.91E-05
LMV,GREEN VALLEY MOTORS,0,0,0,1,0,0,0,0,0,0,1,2.91E-05
LMV,NEW MARTHWADA QUALITY TRAILOR,0,0,0,1,0,0,0,0,0,0,1,2.91E-05
2W,ORIGINAL FUEL SYSTEM PVT LTD,0,0,0,1,0,0,0,0,0,0,1,2.91E-05
3W,NEXZU MOBILITY PVT LTD,0,0,0,1,0,0,0,0,0,0,1,2.91E-05
3W,NGAGE IMPEX PVT LTD,0,0,0,0,0,0,1,0,0,0,1,2.91E-05
3W,GUJARAT TRACTOR CORP LTD,0,1,0,0,0,0,0,0,0,0,1,2.91E-05
3W,HMT LIMITED,0,0,1,0,0,0,0,0,0,0,1,2.91E-05
LMV,HINDUSTAN MOTOR FINANCE CORPORATION LIMITED,0,0,0,1,0,0,0,0,0,0,1,2.91E-05
2W,OM BALAJEE AUTOMOBILE ( INDIA) PVT. LTD,0,0,0,0,0,0,1,0,0,0,1,2.91E-05
3W,GREAVES COTTON LTD.,0,0,1,0,0,0,0,0,0,0,1,2.91E-05
MMV,OLYMPUS INDUSTRIES PVT LTD,0,0,0,1,0,0,0,0,0,0,1,2.91E-05
2W,HINDUSTAN MOTOR FINANCE CORPORATION LIMITED,0,1,0,0,0,0,0,0,0,0,1,2.91E-05
3W,NICOLAS INDUSTRIES,0,0,1,0,0,0,0,0,0,0,1,2.91E-05
LMV,OLECTRA GREENTECH LTD,0,0,0,0,0,0,1,0,0,0,1,2.91E-05
2W,HAMPI TRACTORS,0,1,0,0,0,0,0,0,0,0,1,2.91E-05
3W,HARJAS AGRO INDUSTRIES,0,0,1,0,0,0,0,0,0,0,1,2.91E-05
LMV,HINDUSTAN MOTOR CORPORATION,0,0,0,0,1,0,0,0,0,0,1,2.91E-05
LMV,HERO ELECTRIC VEHICLE PVT LTD,0,0,1,0,0,0,0,0,0,0,1,2.91E-05
LMV,GREEN STAR MOTORS,0,0,0,1,0,0,0,0,0,0,1,2.91E-05
LMV,PACE AGRO PRIVATE LIMITED,0,0,0,1,0,0,0,0,0,0,1,2.91E-05
3W,MVM MOTORS PRIVATE LIMITED,0,0,0,0,0,0,0,1,0,5,1,2.91E-05
3W,PILLING RIG,0,0,0,0,0,0,1,0,0,0,1,2.91E-05
LMV,GENERAL MOTORS INDIA PVT LTD,1,0,0,0,0,0,0,0,0,0,1,2.91E-05
3W,INDO FARM EQUIPMENT LIMITED,0,0,1,0,0,0,0,0,0,0,1,2.91E-05
3W,IDEAL JAWA INDIA PVT LTD,0,0,1,0,0,0,0,0,0,0,1,2.91E-05
3W,PORSCHE AG,0,0,1,0,0,0,0,0,0,0,1,2.91E-05
3W,GILL AGROTECH,0,0,0,0,0,0,0,0,1,0,1,2.91E-05
3W,GIRNAR SCOOTERS LTD,0,1,0,0,0,0,0,0,0,0,1,2.91E-05
LMV,PMI ELECTRO MOBILITY SOLUTIONS PRIVATE LIMITED,0,0,0,0,1,0,0,0,0,0,1,2.91E-05
LMV,GKON ELECTRIC MOTOR VEHICLES PVT LTD,0,0,0,0,1,0,0,0,0,0,1,2.91E-05
3W,HYUNDAI MOTOR INDIA LTD,0,1,0,0,0,0,0,0,0,0,1,2.91E-05
3W,PAL DIESAL PVT LTD,0,0,1,0,0,0,0,0,0,0,1,2.91E-05
LMV,NB TURNED  COMPONENTS PVT LTD,0,0,0,1,0,0,0,0,0,0,1,2.91E-05
2W,HOOGHLY MOTORS PVT LTD,0,0,1,0,0,0,0,0,0,0,1,2.91E-05
3W,NEELAM AGRO EQUIP,0,0,0,1,0,0,0,0,0,0,1,2.91E-05
LMV,GOENKA ELECTRIC MOTOR VEHICLES PVT LTD,0,0,0,1,0,0,0,0,0,0,1,2.91E-05
3W,GOLD HOFER,0,0,0,0,0,0,0,0,1,0,1,2.91E-05
LMV,PARAS INDUSTRIES,0,0,0,0,0,0,0,0,1,0,1,2.91E-05
2W,GOLDENLION (IMPORTER:ELLYSIUM AUTOMOTIVES PVT LTD),0,0,0,0,0,0,0,0,1,1,1,2.91E-05
3W,GOPAL AGROTECH,0,0,1,0,0,0,0,0,0,0,1,2.91E-05
3W,EKO VEHICLE PRIVATE LIMITED,0,1,0,0,0,0,0,0,0,0,1,2.91E-05
2W,MAHARASTRA SCOOTER LIMITED,1,0,0,0,0,0,0,0,0,0,1,2.91E-05
3W,SHRI RAM INDUSTRIES,0,0,0,1,0,0,0,0,0,0,1,2.91E-05
LMV,CLH GASEOUS FUEL APPL PVT LTD,0,0,0,1,0,0,0,0,0,0,1,2.91E-05
MMV,SHRI ABIRAMI TRAILERS,0,1,0,0,0,0,0,0,0,0,1,2.91E-05
3W,SGL INDUSTRIES,0,0,0,0,0,1,0,0,0,0,1,2.91E-05
2W,MAC INTERNATIONAL (IMPORTER:HONESTY),0,0,0,0,0,0,0,0,1,1,1,2.91E-05
LMV,DHARMAND TRAILERS,1,0,0,0,0,0,0,0,0,0,1,2.91E-05
LMV,SHRI CHINNAMMAN ENGG. WORKS ???,0,0,0,1,0,0,0,0,0,0,1,2.91E-05
2W,SHRI BARSANA E-VEHICLES PVT LTD,0,0,0,0,0,0,0,1,0,0,1,2.91E-05
LMV,SONI E VEHICLE PVT LTD,0,0,1,0,0,0,0,0,0,0,1,2.91E-05
MMV,SHAH AGRO ENGG WORKS,1,0,0,0,0,0,0,0,0,0,1,2.91E-05
LMV,SINDHU MOTORS,0,1,0,0,0,0,0,0,0,0,1,2.91E-05
LMV,MAHI ENTERPRISES,0,0,0,1,0,0,0,0,0,0,1,2.91E-05
LMV,JEEVA TRAILERS,0,0,1,0,0,0,0,0,0,0,1,2.91E-05
3W,SHAKTIMAN AGRO INDUSTRIES,0,0,1,0,0,0,0,0,0,0,1,2.91E-05
LMV,SHRI BANASHANKARI ENG WORKS,0,1,0,0,0,0,0,0,0,0,1,2.91E-05
MMV,SML ISUZU LTD,1,0,0,0,0,0,0,0,0,0,1,2.91E-05
LMV,HETTRA HET TRAILER,0,1,0,0,0,0,0,0,0,0,1,2.91E-05
3W,DUCATI INDIA PVT LTD,0,0,0,1,0,0,0,0,0,0,1,2.91E-05
3W,DALIAN FORKLIFT CO.,0,0,0,1,0,0,0,0,0,0,1,2.91E-05
3W,SKYY RIDER ELECTRIC PRIVATE LIMITED,0,0,0,0,0,0,0,0,1,143,1,2.91E-05
LMV,MAHINDRA VEHICLE MANUFACTURER LIMITED,1,0,0,0,0,0,0,0,0,0,1,2.91E-05
3W,DEEPTI SMART MOBILITY PVT LTD,0,0,0,0,1,0,0,0,0,0,1,2.91E-05
3W,DELHI AUTOMOBILES LTD,0,0,1,0,0,0,0,0,0,0,1,2.91E-05
LMV,SHRI ARUPADAYAN TRAILERS,0,1,0,0,0,0,0,0,0,0,1,2.91E-05
LMV,SIVASAKTHI ENGINEERING WORKS,0,1,0,0,0,0,0,0,0,0,1,2.91E-05
LMV,SIVA ENGINEERING WORKS,0,1,0,0,0,0,0,0,0,0,1,2.91E-05
MMV,DIVYA INDUSTRIES,1,0,0,0,0,0,0,0,0,0,1,2.91E-05
3W,EAGLE AUTO PEARL PVT,0,0,0,0,0,1,0,0,0,0,1,2.91E-05
LMV,SHRI GANESH TRAILER,1,0,0,0,0,0,0,0,0,0,1,2.91E-05
LMV,SHRI JYOTHI ENG. WORKS.,0,1,0,0,0,0,0,0,0,0,1,2.91E-05
LMV,SHRI LAXMI ENGINEERING WORKS,0,1,0,0,0,0,0,0,0,0,1,2.91E-05
LMV,JANANI TRAILERS,1,0,0,0,0,0,0,0,0,0,1,2.91E-05
LMV,MEGHA TRAILERS,1,0,0,0,0,0,0,0,0,0,1,2.91E-05
2W,EICHER POLARIS PVT. LTD.,0,0,0,0,1,0,0,0,0,0,1,2.91E-05
LMV,SAKTHI VIJAY INDUSTRIES,0,0,1,0,0,0,0,0,0,0,1,2.91E-05
2W,SAME DEUTZ - FAHR INDIA (P) LTD.,0,1,0,0,0,0,0,0,0,0,1,2.91E-05
LMV,JAY AMBE AGRICULTURE,0,1,0,0,0,0,0,0,0,0,1,2.91E-05
3W,SAN MOTORS LIMITED,0,0,1,0,0,0,0,0,0,0,1,2.91E-05
3W,EICHER MOTORS LTD,0,0,1,0,0,0,0,0,0,0,1,2.91E-05
2W,JIANGSU DALONG JIANHAO (IMPORTER: GREEN INDIA),0,0,0,0,0,0,0,0,1,0,1,2.91E-05
LMV,SARAVANA TRAILER,0,0,1,0,0,0,0,0,0,0,1,2.91E-05
3W,MAXI CAB,1,0,0,0,0,0,0,0,0,0,1,2.91E-05
3W,MAHINDRA GUJARAT TRACTOR LIMITED,0,1,0,0,0,0,0,0,0,0,1,2.91E-05
LMV,JAYANTI AGRO CENTRES,1,0,0,0,0,0,0,0,0,0,1,2.91E-05
LMV,SHRI KANAGA TRAILERS TANKAR,0,1,0,0,0,0,0,0,0,0,1,2.91E-05
LMV,MANITA CITY MOTORS LLP,0,0,0,0,0,1,0,0,0,0,1,2.91E-05
3W,CLAAS INDIA P LTD,0,0,0,1,0,0,0,0,0,0,1,2.91E-05
2W,MAHINDRA ELECTRIC MOBILITY LIMITED,0,0,0,1,0,0,0,0,0,0,1,2.91E-05
3W,SRI SAI MARKETING,0,1,0,0,0,0,0,0,0,0,1,2.91E-05
2W,MAULIRAJ INDUSTRIES LLP,0,0,0,0,0,0,0,0,1,1,1,2.91E-05
LMV,SRI RAMA TRAILERS,1,0,0,0,0,0,0,0,0,0,1,2.91E-05
LMV,"DIAMOND ENGG,CTC",0,0,0,1,0,0,0,0,0,0,1,2.91E-05
LMV,SUPERTECH EV LIMITED,0,0,0,0,0,0,0,0,0,1,0,0
LMV,CAPCO INDUSTRIES PVT LTD,0,0,0,0,0,0,0,0,0,1,0,0
2W,WUXI SHENGBAO (IMPORTER:SHEMA E-VEHICLE),0,0,0,0,0,0,0,0,0,48,0,0
2W,JIANGSU GUOWEI (IMPORTER:ELECTRO-TECH),0,0,0,0,0,0,0,0,0,7,0,0
3W,CAPCO INDUSTRIES PVT LTD,0,0,0,0,0,0,0,0,0,30,0,0
3W,SUPREME SALES AGENCY,0,0,0,0,0,0,0,0,0,50,0,0
2W,WUXI TENGHUI (IMPORTER: JOZHI SERVICES),0,0,0,0,0,0,0,0,0,36,0,0
3W,DHRITI ENTERPRISES,0,0,0,0,0,0,0,0,0,81,0,0
3W,KATYAYANI AUTOMOTIVE,0,0,0,0,0,0,0,0,0,2,0,0
3W,SAIFIAN SOLAR PVT LTD,0,0,0,0,0,0,0,0,0,29,0,0
3W,NEW CHAWLA INDUSTRIES,0,0,0,0,0,0,0,0,0,67,0,0
3W,AAKK AUTO PVT LTD,0,0,0,0,0,0,0,0,0,16,0,0
2W,ZHONGXING (IMPORTER:GREENO AUTOMOBILE),0,0,0,0,0,0,0,0,0,5,0,0
2W,ZHONGHUALONG (IMPORTER: POWORO PVT LTD),0,0,0,0,0,0,0,0,0,54,0,0
3W,STAR INDUSTRIES,0,0,0,0,0,0,0,0,0,47,0,0
2W,NINGBO SANJIANG (IMPORTER: VABRO EVTECH),0,0,0,0,0,0,0,0,0,28,0,0
LMV,KLB KOMAKI PVT LTD,0,0,0,0,0,0,0,0,0,1,0,0
3W,HAITEK AUTOMOTIVE PVT LTD,0,0,0,0,0,0,0,0,0,60,0,0
2W,SUMEC CO LTD (IMPORTER: ROUTE & MARS EV LLP),0,0,0,0,0,0,0,0,0,1,0,0
3W,CLENERGY INNOVATIONS PVT LTD,0,0,0,0,0,0,0,0,0,1,0,0
3W,SUN AUTO,0,0,0,0,0,0,0,0,0,2,0,0
3W,SUN INDUSTRIES,0,0,0,0,0,0,0,0,0,207,0,0
3W,A.J ENTERPRISES,0,0,0,0,0,0,0,0,0,66,0,0
3W,KETRON ELECTRIC VEHICLES PVT LTD,0,0,0,0,0,0,0,0,0,1,0,0
2W,YOUYAKU ELECTRIC (IMPORTER:KRISHIKA EV INDIA),0,0,0,0,0,0,0,0,0,23,0,0
3W,D.K. MOTORS,0,0,0,0,0,0,0,0,0,5,0,0
2W,YOUYAKU ELECTRIC (IMPORTER: SMOBILITY EV),0,0,0,0,0,0,0,0,0,36,0,0
2W,YOUYAKU ELECTRIC (IMPORTER: SHEMA E-VEHICLE),0,0,0,0,0,0,0,0,0,3,0,0
3W,A.R. MOTOR,0,0,0,0,0,0,0,0,0,164,0,0
2W,A-1 SUREJA INDUSTRIES,0,0,0,0,0,0,0,0,0,2,0,0
3W,DILIGENT MOBILITY SERVICE PVT LTD,0,0,0,0,0,0,0,0,0,1,0,0
2W,GUANGXI MEIBAO(IMPORTER: DYNAMO ELECTRIC),0,0,0,0,0,0,0,0,0,4,0,0
LMV,M/S VISHNU CLEAN ENERGY VEHICLES LLP,0,0,0,0,0,0,0,0,0,3,0,0
3W,CHANDAKE-AUTOMOBILES LLP,0,0,0,0,0,0,0,0,0,37,0,0
3W,DEV MOTORS,0,0,0,0,0,0,0,0,0,287,0,0
3W,MAA DURGA ELECTRIC MOTOR VEHICLE PVT LTD,0,0,0,0,0,0,0,0,0,11,0,0
3W,INS AUTOMOBILES PVT LTD,0,0,0,0,0,0,0,0,0,272,0,0
LMV,ADAPT MOTORS PVT LTD,0,0,0,0,0,0,0,0,0,1,0,0
2W,CHINA HAOCHEN (IMPORTER:SLSR ELECTRO),0,0,0,0,0,0,0,0,0,10,0,0
2W,JEEVAA E-BIKE MFG PVT LTD,0,0,0,0,0,0,0,0,0,1,0,0
3W,EYUG AUTOMOBILE PVT LTD,0,0,0,0,0,0,0,0,0,10,0,0
LMV,MLR AUTO LTD,0,0,0,0,0,0,0,0,0,13,0,0
2W,LIMA VEHICLE GROUP(IMPORTER: ROUTE & MARS EV LLP),0,0,0,0,0,0,0,0,0,2,0,0
3W,RDS INDUSTRIES,0,0,0,0,0,0,0,0,0,110,0,0
3W,REDDY AUTOMOTIVE PVT LTD,0,0,0,0,0,0,0,0,0,4,0,0
LMV,BAJAJ AUTO LTD,0,0,0,0,0,0,0,0,0,1,0,0
3W,LIONIZE AUTOMOBILE PVT LTD,0,0,0,0,0,0,0,0,0,194,0,0
2W,REGENERATION E BIKES,0,0,0,0,0,0,0,0,0,6,0,0
3W,ANOOP CYLINDERS PVT LTD,0,0,0,0,0,0,0,0,0,8,0,0
2W,E-ASHWA AUTOMOTIVE (HS 2W) PVT LTD,0,0,0,0,0,0,0,0,0,1,0,0
3W,JAYNA AUTOMOBILES LLP,0,0,0,0,0,0,0,0,0,5,0,0
2W,SHEMA E- VEHCILE & SOLAR PVT LTD,0,0,0,0,0,0,0,0,0,1568,0,0
2W,ESSEL ENERGY INFRA PVT LTD,0,0,0,0,0,0,0,0,0,1,0,0
3W,RICHFORD ALLIANZ PVT LTD,0,0,0,0,0,0,0,0,0,162,0,0
2W,JUNENG MOTORCYCLE (IMPORTER: JHEV MOTORS PVT LTD),0,0,0,0,0,0,0,0,0,52,0,0
2W,ECOBIT INTERNATIONAL(IMPORTER: JHEV MOTORS),0,0,0,0,0,0,0,0,0,44,0,0
LMV,ROLLS ROYCE,0,0,0,0,0,0,0,0,0,1,0,0
3W,JAYATI TOOLS,0,0,0,0,0,0,0,0,0,5,0,0
LMV,ROLLS-ROYCE MOTOR CARS(IMPORTER:SELECT CARS P LTD),0,0,0,0,0,0,0,0,0,2,0,0
3W,ROYCE EV PVT LTD,0,0,0,0,0,0,0,0,0,246,0,0
3W,USHASONS AUTO COMPONENTS,0,0,0,0,0,0,0,0,0,17,0,0
LMV,JAIN POWER CORP,0,0,0,0,0,0,0,0,0,1,0,0
3W,K. S. INDUSTRIES,0,0,0,0,0,0,0,0,0,8,0,0
2W,KAINING (HONGKONG) (IMPORTER: VOLTA EV PVT LTD),0,0,0,0,0,0,0,0,0,3,0,0
3W,FRN MOTORS PVT LTD,0,0,0,0,0,0,0,0,0,6,0,0
2W,PORWAL ELECTRIC,0,0,0,0,0,0,0,0,0,5,0,0
3W,WARDWIZARD INNOVATIONS & MOBILITY LIMITED,0,0,0,0,0,0,0,0,0,18,0,0
LMV,POWERLAND AGRO TRACTOR VEHICLES PVT LTD,0,0,0,0,0,0,0,0,0,9,0,0
LMV,BYD AUTO,0,0,0,0,0,0,0,0,0,2,0,0
3W,WUXI SAIGE (IMPORTER: DM GREEN ENERGY),0,0,0,0,0,0,0,0,0,4,0,0
3W,LALA G E RICKSHAW AND SPARE PARTS,0,0,0,0,0,0,0,0,0,45,0,0
2W,WUXI NOOMA (IMPORTER: KKL HITECH EV),0,0,0,0,0,0,0,0,0,1,0,0
3W,KANHA ELECTRIC VEHICLES,0,0,0,0,0,0,0,0,0,33,0,0
3W,ASAV AUTOMOTIVE PVT LTD,0,0,0,0,0,0,0,0,0,1,0,0
LMV,"M/S PATEL & SONS ENGINEERING WORKS,SAMBALPUR",0,0,0,0,0,0,0,0,0,1,0,0
2W,MOTOVOLT MOBILITY PVT LTD,0,0,0,0,0,0,0,0,0,14,0,0
3W,BSERAIL ENGINEERING PVT LTD,0,0,0,0,0,0,0,0,0,41,0,0
LMV,WARDWIZARD INNOVATIONS & MOBILITY LIMITED,0,0,0,0,0,0,0,0,0,2,0,0
2W,GAURA ELECTRIC VEHICLES PVT LTD,0,0,0,0,0,0,0,0,0,163,0,0
2W,VINTAGE VEHICLES,0,0,0,0,0,0,0,0,0,1,0,0
LMV,BIG BULL TRADER PVT LTD,0,0,0,0,0,0,0,0,0,1,0,0
3W,VORC MOTORS PVT LTD,0,0,0,0,0,0,0,0,0,3,0,0
3W,SHIVGANGA ECOGREEN LLP,0,0,0,0,0,0,0,0,0,35,0,0
3W,SHIVA ENTERPRISES,0,0,0,0,0,0,0,0,0,65,0,0
3W,RACHANACREATIONS AUTO PVT LTD,0,0,0,0,0,0,0,0,0,10,0,0
3W,RAFTAAR ELECTRIC GREEN VEHICLES PVT LTD,0,0,0,0,0,0,0,0,0,12,0,0
3W,DONGMA VEHICLE (IMPORTER: MERCURY METALS),0,0,0,0,0,0,0,0,0,23,0,0
3W,SHIV ENTERPRISES,0,0,0,0,0,0,0,0,0,72,0,0
3W,KAKKAR ELECTRIC AUTO PVT LTD,0,0,0,0,0,0,0,0,0,93,0,0
3W,MOMU AUTOMOTIVE,0,0,0,0,0,0,0,0,0,210,0,0
2W,FSTMOTO INTERNATIONAL (IMPORTER: TEDI (INDIA)),0,0,0,0,0,0,0,0,0,2,0,0
2W,CHONGQING CHARMING (IMPORTER: AYAAN ELECTRONICS).,0,0,0,0,0,0,0,0,0,1,0,0
